mizar_ref,stop_id,nome
4742,1,Piazza IV Novembre - Passetto (Capolinea)
4830,2,"Viale della Vittoria, 42"
4757,3,"Viale della Vittoria, 30"
4832,4,"Viale della Vittoria, 22"
4808,5,Piazza XXIV MAGGIO
4770,6,Piazza CAVOUR
4809,7,Piazza ROMA
4797,8,Piazza Kennedy - Porto
4829,9,XXIX SETTEMBRE
4792,10,1^ MARCONI-MANDRACCHIO
4763,11,Via Marconi - Parcheggio Archi
4772,12,3^ MARCONI
4751,13,Stazione F.S. (direz.periferia)
4815,14,1^ G.BRUNO
4805,15,2^ G.BRUNO
4787,16,Piazza U.BASSI
4758,17,G.BRUNO (ENEL)
4764,18,Stazione F.S. (direz.centro)
4789,19,Via Marconi - Piazzale Italia
4777,20,Via  Marconi - Parcheggio Archi
4773,21,3^ MARCONI
4778,22,4^ MARCONI
4838,23,XXIX SETTEMBRE
4818,24,Piazza Kennedy - Porto
4802,25,Piazza ROMA
4743,26,Piazza CAVOUR
4827,27,Piazza XXIV Maggio
4759,28,"Viale della Vittoria, 21"
4779,29,Piazza Diaz
4836,30,"Viale della Vittoria, 47"
4788,31,Piazza CAVOUR
4780,33,1^ Via M. RESISTENZA
4833,34,2^ Via M. RESISTENZA
4831,35,P.le EUROPA
4793,36,Piazza Ugo Bassi
4813,37,PIAZZA D'ARMI
4806,38,2^ Via C. COLOMBO
4799,39,VIA PEZZOTTI
4823,40,Via Dell'Industria
4819,41,Via Dell' Industria - VV.UU.
4798,42,3^ VIA DELL'INDUSTRIA
4794,43,VIA BARILATTI
4790,44,2^ Via MAGGINI
4748,45,Via Maggini - Villa Igea
4807,46,VIA MAGGINI
4747,47,VIA PINOCCHIO
4752,48,VIA MADONNETTA
4786,49,Madonnetta  Capolinea
4753,50,VIA MADONNETTA (scuole)
4800,51,PINOCCHIO (BAR)
4814,52,1^ VIA MAGGINI
4820,53,Via Maggini - Villa Igea
4801,54,VIA MAGGINI (BYBLOS)
4744,55,4^ VIA MAGGINI
4795,56,5^ VIA MAGGINI
4821,57,1^ VIA C.COLOMBO
4749,58,2^ VIA C.COLOMBO
4765,59,Piazza U.Bassi centro
4824,60,P.le EUROPA
4750,61,1^ RESISTENZA
4834,62,2^ RESISTENZA
4781,63,VIA GIANNELLI
4825,64,VIA FREDIANI
4826,65,1^ VIA ASCOLI PICENO
4771,66,2^ VIA  ASCOLI PICENO
4791,67,3^ VIA  ASCOLI PICENO
4835,68,Via A. Piceno
4782,69,1^ VIA POSATORA
4822,70,2^ VIA POSATORA
4754,71,VIA GROTTE
4762,72,VIA M.VETTORE
4746,73,VIA M.VETTORE
4796,74,POSATORA CAPOLINEA
4755,75,VIA M.PENNINO
4785,76,VIA BRODOLINI
4784,77,Via A. Piceno
4776,78,VIA ASCOLI PICENO
4828,79,VIA ASCOLI PICENO
4810,80,VIA ASCOLI PICENO
4769,81,Piazza UGO BASSI
4766,82,1^ TORRESI
4783,83,2^ TORRESI
4811,84,3^ TORRESI
4812,85,1^ TAVERNELLE
4745,86,2^ TAVERNELLE
4756,87,3^ TAVERNELLE
4768,88,TAVERNELLE
4767,89,TAVERNELLE CAPOLINEA
4817,90,1^ TAVERNELLE
4816,91,2^ TAVERNELLE
4804,92,3^ TAVERNELLE
4760,93,4^ TAVERNELLE
4774,94,1^ TORRESI
4775,95,2^ TORRESI
4837,96,3^ TORRESI
4761,97,2^ G.BRUNO
4905,98,1° Via Panoramica
4904,99,2° Via Panoramica
99,100,1^ VIA GRAZIE
100,101,2^ VIA GRAZIE
101,102,Via Delle Grazie
102,103,VIA PICCHI TANCREDI
103,104,VIA COLLEVERDE
104,105,1^ VIA FOSCOLO
105,106,2^ VIA FOSCOLO
106,107,VIA GIOBERTI
108,109,2^ VIA CASTELLANO
109,110,3^ VIA CASTELLANO
110,111,4^ VIA CASTELLANO
111,112,5^ VIA CASTELLANO
112,113,6^ VIA CASTELLANO
113,114,Villa Romana - Capolinea
114,115,7^ VIA CASTELLANO
115,116,8^ VIA CASTELLANO
116,117,9^ VIA CASTELLANO
117,118,10^ VIA CASTELLANO
118,119,11^ VIA CASTELLANO
119,120,Via Gioberti - Capolinea
120,121,2^ VIA GIOBERTI
121,122,1^ VIA FOSCOLO
122,123,2^ VIA FOSCOLO
123,124,1^ VIA COLLEVERDE
124,125,2^ VIA COLLEVERDE
125,126,3^ VIA COLLEVERDE
126,127,1^ VIA GRAZIE
127,128,2^ VIA GRAZIE
128,129,1^ CORSO C.ALBERTO
129,130,2^ CORSO C.ALBERTO
130,131,3^ CORSO C.ALBERTO
131,132,Piazza CAVOUR
132,133,1a VIA ISONZO
133,134,Via Isonzo
134,135,3a VIA ISONZO
135,136,VIA RODI
136,137,Borgo Rodi
137,138,Via XXV Aprile - Carabinieri
138,139,VIA GERVASONI
139,140,Via Gervasoni - Questura
140,141,2^ VIA XXV APRILE
141,142,4^ VIA XXV APRILE
142,143,5^ VIA XXV APRILE
143,144,1^ VIA XXV APRILE
144,145,VIA MICHELANGELO
145,146,V.MICHELANGELO (I.D'ARTE)
146,147,VIA TIZIANO
147,148,Via Tiziano - Regione
148,149,4^ VIA TIZIANO
149,150,5^ VIA TIZIANO
150,151,1^ VIA DE GASPERI
151,152,2^ VIA DE GASPERI
152,153,Stazione F.S. (Cap. 6)
153,154,VIA DE GASPERI
154,155,VIA DE GASPERI
155,156,PIAZZALE EUROPA
156,157,6^ VIA TIZIANO
157,158,Via Tiziano - Regione
158,159,8^ VIA TIZIANO
159,160,1^ VIA MICHELANGELO
160,161,3^ VIA MICHELANGELO
161,162,2^ VIA XXV APRILE
162,163,3^ VIA XXV APRILE
163,164,Via Gervasoni - Questura
164,165,2^ VIA GERVASONI
165,166,3^ VIA GERVASONI
166,167,Via XXV Aprile - Carabinieri
167,168,BORGO RODI
168,169,VIA RODI
169,170,4a VIA ISONZO
170,171,1^ VIA PIAVE
171,172,2^ VIA PIAVE
172,173,VIA MONTEBELLO
173,174,VIA TORRIONI
174,175,Piazza Sangallo - Capodimonte
175,176,1^ VIA CIRCONVALLAZIONE
176,177,Circonvallazione -Cittadella
177,178,1^ VIA SCANDALI
178,179,2^ VIA SCANDALI
179,180,VIA XXV APRILE
180,181,VIA GENTILONI
181,182,1 ^ VIA  ANGELINI
182,183,2^ VIA  ANGELINI
183,184,VIA SALMONI
184,185,17^ VIA DEL CONERO
185,186,1a VIA ISONZO
186,187,VIA ISONZO
187,188,Piazza CAVOUR Cap. Circolari
188,189,P.zza Cavour  Via Vecchini
189,190,Piazza CAVOUR
190,191,4^ VIA DEL CONERO
191,192,4a VIA ISONZO
192,193,5a VIA ISONZO
193,194,1a VIA DEL CONERO
194,195,2a VIA DEL CONERO
195,196,3a VIA DEL CONERO
196,197,PIETRALACROCE CENTRO
197,198,PIETRALACROCE
198,199,PIETRALACROCE CAPOLINEA
199,200,VIA DEL CONERO - CASACCIA
232,201,2^ VIA DEL CONERO
248,202,VIA DEL CONERO - LA VEDOVA
276,203,V.DEL CONERO (Capannaccia)
318,204,MONTACUTO (Bivio Castellano)
343,205,2^ MONTACUTO
371,206,3^ MONTACUTO
398,207,MONTACUTO PAESE - ANDATA
420,208,MONTACUTO (Ex Capolinea)
451,209,MONTACUTO - CARCERE
475,210,8^ MONTACUTO
498,211,MONTACUTO PAESE - RITORNO
523,212,12^ MONTACUTO
524,213,13^ MONTACUTO
525,214,14^ MONTACUTO
526,215,VIA DEL CONERO - SARDELLA
527,216,VIA DEL CONERO - Taverna Trave
528,217,VIA DEL CONERO - TRAVE
529,218,VIA DEL CONERO - MARINA
530,219,VIA DEL CONERO - LAVANDA
533,220,VIA DEL CONERO - MEZZAVALLE
534,221,VIA DEL CONERO (Biv. Portonovo)
536,222,VIA DEL CONERO - EMILIA
537,223,POGGIO - TRATTORIA MAFALDA
538,224,POGGIO COSTA
539,225,VIA DEL POGGIO (Incr. CAMERANO)
540,226,POGGIO ALTO
541,227,PROVINCIALE DEL CONERO
542,228,2^ PROVINCIALE DEL CONERO
543,229,3^ PROVINCIALE DEL CONERO
544,230,MASSIGNANO (PAESE)
545,231,MASSIGNANO (CAPOLINEA)
546,232,MASSIGNANO
547,233,1^ PROVINCIALE DEL CONERO
548,234,2^ PROVINCIALE DEL CONERO
549,235,VIA DEL CONERO - MARINA
550,236,POGGIO COSTA
551,237,POGGIO
552,238,VIA DEL POGGIO
553,239,9^ VIA DEL CONERO
554,240,POGGIO - Mafalda
555,241,VIA DEL CONERO
556,242,BIVIO PORTONOVO
557,243,VIA DEL CONERO - MEZZAVALLE
558,244,VIA DEL CONERO - LAVANDA
559,245,VIA DEL CONERO - MARINA
560,246,V.DEL CONERO (Sabattini)
561,247,VIA DEL CONERO - BOSDARI
562,248,VIA DEL CONERO - SARDELLA
563,249,VIA DEL CONERO - CAPANNACCIA
564,250,VIA DEL CONERO - LA VEDOVA
565,251,11^ VIA DEL CONERO
566,252,VIA DEL CONERO - CASACCIA
567,253,13^ VIA DEL CONERO
568,254,PIETRALACROCE - Baffo
569,255,PIETRALACROCE - Cimitero
570,256,15 a VIA DEL CONERO
571,257,16 a VIA DEL CONERO
572,258,VIA S. MARGHERITA
573,259,VIA S. MARGHERITA
574,260,VIA S. MARGHERITA
575,261,VIA S. MARGHERITA
576,262,VIA S. MARGHERITA
577,263,P.le Libertà
578,264,1^ VIA BOCCONI
579,265,Via Bocconi - Sede Conerobus
580,266,LARGO BOVIO
581,267,1^ MIANO
582,268,VIA MIANO
583,269,1^ VIA RAFFAELLO SANZIO
584,270,2^ VIA RAFFAELLO SANZIO
585,271,3^ VIA RAFFAELLO SANZIO
586,272,Piazza Sangallo - Capodimonte
587,273,VIA TORRIONI
588,274,VIA MONTEBELLO
589,275,1^ VIA VENETO
590,276,2^ VIA VENETO
591,277,3^ VIA VENETO
592,278,VIA PODGORA
593,279,VIA POLA
594,280,VIA Thaon de Revel
595,281,VIA THAON DE REVEL
596,282,VIA T.DE REVEL (Piscina)
598,284,1^ VIA S. MARGHERITA
599,285,2^ VIA S. MARGHERITA
600,286,3^ VIA S. MARGHERITA
601,287,4^ VIA S. MARGHERITA
602,288,5^ VIA S. MARGHERITA
603,289,Piazza P.IV NOVEMBRE
607,293,VIA PANORAMICA
608,294,VIA CESARE BATTISTI
610,295,CORSO AMENDOLA
611,296,Piazza DON MINZONI
612,297,1^ VIA CADORE
613,298,2^ VIA CADORE
615,300,"Stazione F.S. (Cap. 94, 37)"
616,301,1^ VIA RISMONDO
617,302,2^ VIA RISMONDO
618,303,VIA PANORAMICA
619,304,VIA BARACCA
620,305,1^ VIA PODGORA
621,306,2^ VIA PODGORA
622,307,VIA TAGLIAMENTO
623,308,2^ VIA TAGLIAMENTO
624,309,3^ VIA TAGLIAMENTO
625,310,3a VIA ISONZO
626,311,1^ VIA VENETO
627,312,2^ VIA VENETO
628,313,3^ VIA VENETO
629,314,Stazione F.S. (Cap. 41)
630,315,VIA DELLA MARINA
631,316,1^ VIA DELLA MONTAGNOLA
632,317,2^ VIA DELLA MONTAGNOLA
633,318,Ospedale Geriatrico
634,319,1^ VIA MANZONI
635,320,2^ VIA MANZONI
636,321,3^ VIA MANZONI
637,322,VIA MONTALE
638,323,VIA BARILATTI
639,324,Via Dell'Artigianato
640,325,2^ VIA DELL'ARTIGIANATO
641,326,VIA DEL COMMERCIO
642,327,VIA DELLE PALOMBARE
643,328,Tavernelle - Capolinea 43
644,329,Via A. Ninchi - Passo Varano
645,330,Via Cimetta a
646,331,1^ STRADA COMUNALE PASSO VARANO
647,332,2^ STRADA COMUNALE PASSO VARANO
648,333,BIVIO MONTACUTO (A)
649,334,1^ VIA FORNACI
650,335,2^ VIA FORNACI
651,336,3^ VIA FORNACI
652,337,ZONA BALLARINI
653,338,1^ STRADA COMUNALE PASSO VARANO
654,339,2^ STRADA COMUNALE PASSO VARANO
655,340,3^ STRADA COMUNALE PASSO VARANO
656,341,4^ STRADA COMUNALE PASSO VARANO
657,342,VARANO
658,343,1^ BORGO SAN PIETRO
659,344,2^ BORGO SAN PIETRO
660,345,3^ BORGO SAN PIETRO
661,346,4^ BORGO SAN PIETRO
662,347,BIVIO MONTACUTO (R)
663,348,VIA MAESTRI DEL LAVORO
664,349,1^ VIA FLAVIA
665,350,2^ VIA FLAVIA
666,351,3^ VIA FLAVIA
667,352,VIA FLAVIA (P.D'ACQUISTO)
668,353,6^ VIA FLAVIA
669,354,7^ VIA FLAVIA
670,355,1^ VIA RUGGERI
671,356,2^ VIA FLAVIA
672,357,3^ VIA FLAVIA
673,358,4 ^ VIA FLAVIA
674,359,VIA FLAVIA (SCUOLE MICH.)
675,360,7^ VIA FLAVIA
676,361,8^ VIA FLAVIA
677,362,VIA M.LAVORO
678,363,PASSO VARANO
679,364,STRADA COMUNALE PASSO VARANO
680,365,Via Cimetta r
681,366,VIA CAMERANENSE
682,367,1^ VIA MAGGINI
683,368,St. Vecchia Pinocchio  (CIMITERO)
684,369,2^ STRADA VECCHIA PINOCCHIO
685,370,4^ STRADA VECCHIA PINOCCHIO
686,371,VIA SPARAPANI
687,372,VIA SPARAPANI
688,373,1^ VIA TIRABOSCHI
689,374,2^ VIA TIRABOSCHI
690,375,3^ VIA TIRABOSCHI
691,376,4^ VIA TIRABOSCHI
692,377,5^ VIA TIRABOSCHI
693,378,1^ VIA TOGLIATTI
694,379,2^ VIA TOGLIATTI
695,380,VIA MAESTRI DEL LAVORO
696,381,VIA MAESTRI DEL LAVORO
698,383,1^ VIA TOGLIATTI
699,384,2^ VIA TOGLIATTI
700,385,1^ VIA TIRABOSCHI
701,386,2^ VIA TIRABOSCHI
702,387,3^ VIA TIRABOSCHI
703,388,4^ VIA TIRABOSCHI
704,389,5^ VIA TIRABOSCHI
705,390,Q3 - Via Sparapani
706,391,VIA SPARAPANI
707,392,3^ STRADA VECCHIA PINOCCHIO
708,393,4^ STRADA VECCHIA PINOCCHIO
709,394,Strada  Vecchia  Pinocchio
710,395,Piazza CAVOUR (Frazioni)
711,396,S.VECCHIA (INC.SPARAPANI)
712,397,S.VECCHIA (ANGELINI)
713,398,S.VECCHIA PINOCCHIO (SIDIS)
715,400,Piazza IV Novembre
716,401,VIA CADUTI DEL LAVORO camst
717,402,1^ VIA BRECCE BIANCHE
718,403,2^ VIA BRECCE BIANCHE
719,404,3^ VIA BRECCE BIANCHE
720,405,9^ VIA BRECCE BIANCHE
721,406,10^ VIA BRECCE BIANCHE
722,407,B.BIANCHE CAPOLINEA
723,408,1^ VIA BRECCE BIANCHE
724,409,2^ VIA BRECCE BIANCHE
725,410,3^ VIA BRECCE BIANCHE
726,411,4^ VIA BRECCE BIANCHE
727,412,5^ VIA BRECCE BIANCHE
728,413,2^ VIA CADUTI DEL LAVORO
1999,415,Viale 1° Maggio - rotatoria
730,416,1^ STRADA VECCHIA PINOCCHIO
731,417,2^ STRADA VECCHIA PINOCCHIO
733,419,VARIANTE (API)
734,420,STRADA STATALE 16
735,421,2^ STRADA STATALE 16
736,422,2^ STRADA STATALE 16
737,423,3^ STRADA STATALE 16
738,424,PONTELUNGO
740,426,2^ VIA MADONNETTA
741,427,3^ VIA MADONNETTA
742,428,4^ VIA MADONNETTA
743,429,5^ VIA MADONNETTA
744,430,1^ GHETTARELLO
745,431,2^ GHETTARELLO
746,432,3^ GHETTARELLO
747,433,4^ GHETTARELLO
748,434,5^ GHETTARELLO
749,435,1^ VIA SAPPANICO
750,436,3^ VIA SAPPANICO
751,437,4^ VIA SAPPANICO
752,438,5^ VIA SAPPANICO
753,439,6^ VIA SAPPANICO
754,440,7^ VIA SAPPANICO
755,441,1^ VIA MONTESICURO
756,442,2^ VIA MONTESICURO
757,443,3^ VIA MONTESICURO
758,444,4^ VIA MONTESICURO
759,445,5^ VIA MONTESICURO
760,446,MONTESICURO Capolinea
761,447,1^ VIA MONTESICURO
762,448,2^ VIA MONTESICURO
763,449,3^ VIA MONTESICURO
764,450,4^ VIA MONTESICURO
765,451,5^ VIA MONTESICURO
766,452,1^ VIA GALLIGNANO
767,453,2^ VIA GALLIGNANO
768,454,3^ VIA GALLIGNANO
769,455,5^ VIA GALLIGNANO
770,456,6^ VIA GALLIGNANO
771,457,MADONNA DELLE GRAZIE
772,458,1^ VIA S.LUIGI
773,459,2^ VIA S.LUIGI
774,460,SAN LUIGI
775,461,1^ MADONNA DELLE GRAZIE
776,462,2^ MADONNA DELLE GRAZIE
777,463,3^ MADONNA DELLE GRAZIE
778,464,GALLIGNANO
779,465,GALLIGNANO BIVIO
780,466,1^ VIA GALLIGNANO
781,467,2^ VIA GALLIGNANO
782,468,3^ VIA GALLIGNANO
783,469,4^ VIA GALLIGNANO
784,470,VIA SAPPANICO
785,471,2^ SAPPANICO
786,472,3^ VIA SAPPANICO
787,473,4^ VIA SAPPANICO
788,474,5^ VIA SAPPANICO
789,475,6^ VIA SAPPANICO
790,476,1^ GHETTARELLO
791,477,GHETTARELLO (PAESE)
792,478,2^ GHETTARELLO
793,479,3^ GHETTARELLO
794,480,GHETTARELLO (RAI)
795,481,3^ VIA MADONNETTA
796,482,4^ VIA MADONNETTA
797,483,5^ VIA MADONNETTA
798,484,2^ VIA MADONNETTA
799,486,Fornetto - Borgo
800,487,VIA FORNETTO (E.S.M.)
801,488,VIA FORNETTO
802,489,1^ VIA APPENNINI
803,490,2^ VIA APPENNINI
804,491,3^ VIA APPENNINI
805,492,4^ VIA APPENNINI
806,493,VIA CANDIA (BIVIO)
807,494,2^ VIA CANDIA
808,495,BIVIO CANDIA
809,496,4^ VIA CANDIA
810,497,VIA CANDIA - Villaggio Verde
811,498,6^ VIA CANDIA
812,499,7^ VIA CANDIA
813,500,8^ CANDIA
814,501,1^ VIA BOLIGNANO
815,502,2^ VIA BOLIGNANO
816,503,3^ VIA BOLIGNANO
817,504,VIA BOLIGNANO (CIMITERO)
818,505,5^ VIA BOLIGNANO
819,506,BOLIGNANO CAPOLINEA
820,507,1^ VIA BOLIGNANO
821,508,VIA BOLIGNANO (Cimitero)
822,509,3^ VIA BOLIGNANO
823,510,4^ VIA BOLIGNANO
824,511,5^ VIA BOLIGNANO
825,512,1^ CANDIA
826,513,2^ VIA CANDIA
827,514,3^ VIA CANDIA
828,515,VIA CANDIA  (Vill.Verde)
829,516,VIA CANDIA (Candiola)
830,517,VIA CANDIA (Grancia)
831,518,7^ VIA CANDIA
832,519,VIA CANDIA (Bivio)
833,520,VIA APPENNINI
834,521,VIA APPENNINI
835,522,VIA APPENNINI
836,523,VIA  APPENNINI
837,524,VIA FORNETTO (E.S.M.)R
838,525,Via Alpi
839,526,Fornetto - Borgo
840,527,VIA M.PENNINO
841,528,Piazza U.BASSI
842,529,VIA PASTORE
843,530,Viale 1° Maggio - rotatoria
844,531,Viale 1° Maggio - Bivio Candia
845,532,"Viale 1° Maggio, 98"
846,533,"Viale 1° Maggio, 154"
5123,551,Via Fioretti fermata provvisorio evento Halloween
5122,552,V. G. Umani - Fermarta provvisioria evento Hallowe
857,553,"Via Albertini, 6"
858,554,"Via Albertini, 16"
859,555,SS 16 - GLOBO
860,557,VIA URBINO
861,558,Via Urbino - Sc. Podesti
862,559,1^ VIA PESARO
863,560,2^ VIA PESARO
864,561,PIAZZALE CAMERINO
865,562,VIA SCRIMA
866,563,1^ VIA GROTTE
867,564,2 ^VIA GROTTE
868,565,3^ VIA GROTTE
869,566,VIA GROTTE (CIMITERO)
870,567,5^ VIA GROTTE
871,568,6^ VIA GROTTE
872,569,7^ VIA GROTTE
873,570,VIA GROTTE (CAMPO SPORTIVO)
874,571,VIA ESINO
875,572,2^ VIA ESINO
876,573,VIA METAURO
877,574,OSP.REG.(1^ INTERNA)
878,575,Ospedale Regionale
879,576,OSPEDALE (1^ INTERNA)
881,578,VIA CONCA
883,580,VIA METAURO
884,581,PROVINCIALE AGUGLIANO
885,582,PROVINCIALE AGUGLIANO
886,583,PROVINCIALE AGUGLIANO
887,584,PROVINCIALE AGUGLIANO
888,585,PROVINCIALE AGUGLIANO
889,586,CASINE DI PATERNO
890,587,PROVINCIALE AGUGLIANO
891,588,VIA PATERNO
892,589,VIA PATERNO
893,590,1^ VIA PATERNO
894,591,2^ VIA PATERNO
895,592,3^ VIA PATERNO
896,593,PATERNO CAPOLINEA
897,594,4^ VIA PATERNO
898,595,5^ VIA PATERNO
899,596,6^ VIA PATERNO
900,597,7^ VIA PATERNO
901,598,8^ VIA PATERNO
902,599,PROVINCIALE AGUGLIANO
903,600,CASINE DI PATERNO
904,601,PROVINCIALE AGUGLIANO
905,602,PROVINCIALE AGUGLIANO
906,603,PROVINCIALE AGUGLIANO
907,604,PROVINCIALE AGUGLIANO
908,605,P.LE AGUGLIANO (TENNIS)
909,606,VIA METAURO
911,609,VIA METAURO
912,610,VIA ESINO
913,611,3^ VIA ESINO
914,612,VIA GROTTE
916,614,2^ VIA GROTTE
917,615,3^ VIA GROTTE
918,616,VIA GROTTE (Cimitero)
919,617,5^ VIA GROTTE
920,618,6^ VIA GROTTE
921,619,VIA MONTAGNOLA (DAVANTI IPC PODESTI)
922,620,VIA SCRIMA
923,621,PIAZZALE CAMERINO
924,622,VIA PESARO
925,623,VIA PESARO
926,624,Via Urbino - Sc. Podesti
927,625,LARGO SARNANO
4612,626,Via G. Matteotti
928,627,2^ VIA SAPPANICO
929,628,5^ VIA SAPPANICO
930,629,Via Ninchi
931,630,1^ Via Ninchi - Incr. Via Cimetta
932,631,VIA MANZONI
935,634,3^ STRADA VECCHIA PINOCCHIO
936,635,Duomo - Cattedrale  S. Ciriaco
938,637,Via Marsala
939,638,Via Birarelli Parco del Cardeto
940,639,P.le Martelli - Villarey
941,640,VIA VILLAREY (Inc.Di Biagio)
942,641,VIA ODDO DI BIAGIO
943,642,Cantiere Navale (Fincantieri.)
944,643,TORRETTE - CIRCOLO ARTI E MESTIERI
945,645,Piazza U.BASSI
2126,646,Parco del Cardeto
946,650,PARCHEGGIO MONTE (Portonovo)
947,652,PIAZZETTA DI PORTONOVO
948,654,Piazza U.BASSI Cap.
949,655,P.D'ARMI (Osp.Ps.)
950,656,Via Metauro - Scuole
951,657,Via Metauro - Incr. via Conca
952,658,Via Metauro - Scuole
953,659,Piazza Cavour
954,660,Piazza Stamira
955,661,LICEO GALILEI
956,662,1^ VIA CONCA (COTRAN) andata
957,663,Ultima via CONCA (cotran) rit
958,664,Piazza DON MINZONI
959,665,CORSO AMENDOLA
960,672,CIMITERO CAPOLINEA
961,673,1^ CIMITERO
962,674,2^ CIMITERO
963,675,3^ CIMITERO
964,676,4^ CIMITERO
965,677,5^ CIMITERO
966,678,6^ CIMITERO
967,679,7^ CIMITERO
968,680,8^ CIMITERO
969,681,Cimitero - Entrata est
970,682,9^ CIMITERO
971,683,10^ CIMITERO
972,684,11^ CIMITERO
973,685,12^ CIMITERO
974,686,13^ CIMITERO
975,687,14^ CIMITERO
976,688,15^ CIMITERO
977,689,I.T.I.S
978,690,16^ CIMITERO
979,692,PINOCCHIO (FARMACIA)
980,693,TORRETTE - STAZIONE FS
981,697,"Via Albertini, 14"
982,702,VIA BOCCONI (semaforo)
983,703,PALOMBELLA
984,704,FRANA BARDUCCI
986,706,Via Misa - ITIS
987,707,1^ VIA ESINO
988,708,EX STABILIM. ANGELINI
989,709,VIA ESINO
990,710,V.MISA (C.DEL LATTE)
991,711,Torrette - Stazione FS
992,712,TORRETTE - LIDL
993,713,TORRETTE - FRANA BARDUCCI
994,714,EX STABIL. ANGELINI
995,715,PALOMBELLA
996,716,ANCONA (Stazione-Alberghi)
998,718,Via Musone - Fronte Stazione di Torrette
999,720,CAMERANENSE
1000,721,CAMERANENSE
1001,722,7^ Via MADONNETTA
1002,723,Castellano - Saveriani
1003,724,Castellano - Saveriani
1005,727,5^ V.MONTACUTO
1006,728,9^ V.MONTACUTO
1007,729,VIA DEL CONERO (VILLA)
1008,730,V.POGGIO (Ex Meccanico)
1009,731,POGGIO ALTO (DOPO SEMAFORO)
1010,732,POGGIO ALTO (PRIMA SEMAFORO)
1011,733,POGGIO COSTA (FRONTE EX MECC.
1012,734,1^ V.DEL CONERO
1013,735,CIMITERO DI GALLIGNANO
1014,736,CIMITERO DI GALLIGNANO
1015,738,PALAROSSINI (PARCHEGGIO)
1016,739,Variante Pontelungo
1017,740,VIA SACRIPANTI
1018,741,VIA SACRIPANTI (TIGRE)
1019,742,2^ VIA SACRIPANTI
1020,743,VIA FLAVIA - CARABINIERI
1021,744,VIA FLAVIA - CARABINIERI
1022,745,4^ VIA FORNACI
1025,748,VIA MADONNETTA (BERLUTI)
1026,749,VIA MADONNETTA
1027,750,Via Filonzi
1028,756,VIA FANTI
1030,758,Piazza San Francesco
1031,759,Piazza Stracca
1032,760,Piazza del Senato
1033,761,Via Pizzecolli
1034,762,2^ VIA PODESTI
1035,763,3^ VIA PODESTI
1036,764,4^ VIA PODESTI
1037,765,Via Astagno
1038,766,VIA  ASTAGNO
1039,767,Via Scataglini - C. Comm.
1040,768,Via Schiavoni - FIGC
1041,769,VIA PODESTI
1042,770,3^ VIA ASTAGNO
1043,772,Via Monte Vettore
1044,789,Porta Santo Stefano
1045,790,1^ VIA SANTO STEFANO
1046,791,2^ VIA SANTO STEFANO
1047,792,VIA VELINO (CARIVERONA)
1048,793,LICEO GALILEI
1049,794,UNIVERSITA' INGEGNERIA
1050,795,C.SCAMBIATORE B.B.
1051,796,VIA TOGLIATTI - ISTVAS
1052,797,4^ VIA TOGLIATTI
1053,798,VIA TOGLIATTI PARCO UNICEF
1054,799,VIA TOGLIATTI
1055,800,VIA TOGLIATTI - ISTVAS
1056,802,UNIVERSITA' INGEGNERIA
1057,803,LICEO GALILEI
1058,804,Tavernelle Capolinea
1059,805,5^ Via Togliatti
1060,806,1^ Via Togliatti
2027,807,VIA MADONNETTA - Civico 62
2028,808,14^ VIA DEL CONERO
1061,811,1^ VIA CADUTI DEL LAVORO
1062,812,P.zza XXIV Maggio
1063,813,VIA CADUTI DEL LAVORO (DAEWOO)
1064,814,3^ VIA CADUTI DEL LAVORO
1065,815,VIA BLASI
1066,816,1^ VIA FANO
1067,817,2^ VIA FANO
1068,818,3^ VIA FANO
1069,819,VIA VERGA (SC. MARCONI)
1070,820,VIA MANZONI
1071,821,1^ VIA GIGLI
1072,822,2^ VIA GIGLI
1073,823,3^ VIA GIGLI
1074,824,VIA DELLA MONTAGNOLA
1075,825,1^ VIA CIVITANOVA
1076,826,2^ VIA CIVITANOVA
1077,827,1^ VIA LAMATICCI
1078,828,2^ VIA LAMATICCI
1079,829,VIA DALMAZIA
1080,830,VIA SPALATO
1081,831,3^ VIA LAMATICCI
1082,832,2^ Via Ninchi - Incr. Via Enriquez
1083,833,2^ Via Ninchi
1084,834,3^ SAN LUIGI
1085,835,6^ SAN LUIGI
1086,836,6^ GHETTARELLO
1087,837,GHETTARELLO
1088,838,1^ VIA GIOBERTI
1089,839,PARCHEGGIO VIA RANIERI
1093,840,PARCHEGGIO CIMITERO
1094,841,PIAZZA CAVOUR - CAPOLINEA 46
2000,842,Via Pastore - Ex La Commerciale
2001,843,Via Pastore - Duca infissi
2002,844,Via Pastore - Duca infissi
2505,848,Pietralacroce - Farmacia
2503,849,Fermata banchine / docks 8-9-11-12-13-15
2507,850,Terminal Imbarchi / Docks
2504,851,"Stazione F.S. (Cap. 65, 4/)"
2508,852,Via Togliatti 108
2509,853,Via Togliatti 116
2511,854,Via Togliatti 122
2513,855,Via Togliatti 148
2516,856,Via Togliatti 183
2512,857,Via Togliatti 118/D
2510,858,Via Togliatti 115
2514,859,8^ Via Togliatti
2551,860,Via Metauro - Incr. via Conca
2554,861,Via Metauro - Incr. via Foglia
4151,862,Poggio costa - Inizio salita
4080,863,Poggio costa - Fine discesa
3693,864,Via Rismondo
3762,865,C.so Amendola - Sc. De Amicis
4235,866,Cimitero Tavernelle - Rotatoria
4231,867,Via San Giacomo della Marca
4232,868,Biglietteria
4236,869,Via Vanoni
4227,870,Via Einaudi - Bunge
4228,871,Via Mattei - CAMST
4237,872,Via Mattei - Odino Valperga
4274,873,1^ Via Grandi
4247,874,2^ Via Grandi
4263,875,Via Spadoni
4248,876,1^ Via di Vittorio
4266,877,2^ Via di Vittorio
4271,878,Via Zuccarini
4275,879,Via Zuccarini - ISTAO
4276,880,3^ Via Zuccarini
4249,881,Via Buozzi
4277,882,Via Einaudi - Mandracchio
4267,883,Via Mattei - Ristorante Pit Stop
4284,885,Molo Sud - Parcheggi Tir
4292,886,Via Cameranense - Poste
4294,887,Via Cameranense - Poste
4289,888,Via Sparapani - Supermercato
4288,889,Via Sparapani 175
4295,890,Via Sparapani 20
4293,891,Aspio Terme - IKEA
4296,892,Via Togliatti 90/98
4298,893,Via Togliatti 106
4299,894,1^ Via S. Giacomo della Marca
4297,895,Via S. Giacomo della Marca - Fioraia
4303,896,Stazione F.S. (Cap. 44)
4306,897,Via Fano
4304,899,Fermata banchina / dock 16
4331,900,Villaggio Barcaglione
4373,901,Marina Dorica
4378,902,1^ Via Totti
4383,903,V. Mattei - Cantieri Ferretti
4387,904,Brecce Bianche - Rotatoria
4386,905,Brecce Bianche - Rotatoria
4388,906,Via Gramsci - Teatro
4515,907,IIS Podesti
4531,908,Piazza U.BASSI Capolinea
4568,909,2^ Via Totti
4606,910,1^ Via Aldo Davanzali
4879,911,Via Marconi - Parcheggio Archi
4876,913,Via Redi
4952,914,Via Giuseppe e Franco Ferranti
4871,950,Carcere Barcaglione
4901,952,Strada del Barcaglione 9
4903,953,Strada del Barcaglione 21
4902,954,Strada del Barcaglione 2
4909,955,Strada del Barcaglione 21
4959,1000,Parcheggio Stadio del Conero
3230,2000,MOIE (Ex Fimea).
2688,2001,MOIE (Ex Fimea)
3120,2002,POZZETTO.L
3000,2003,POZZETTO
2621,2004,BORGO LORETO (Chiesa).
3057,2005,BORGO LORETO (Chiesa)
3231,2006,CASTELPLANIO (Incr. Poggio)
2980,2007,CASTELPLANIO (Incr. Poggio)
3404,2008,CASTELPLANIO (Sassaroli)
2996,2009,CASTELPLANIO (Sassaroli)
2997,2010,CASTELPLANIO (Curve).
2620,2011,CASTELPLANIO (Curve)
2800,2012,CASTELPLANIO (Crocefisso).
2871,2013,CASTELPLANIO (Crocefisso)
2998,2014,CASTELPLANIO (Civerchia).
2801,2015,CASTELPLANIO (Civerchia)
3127,2016,CASTELPLANIO (Ragaini).
3004,2017,CASTELPLANIO (Ragaini)
2802,2018,CASTELPLANIO (Centro).
3467,2019,CASTELPLANIO (Centro)
2628,2020,CASTELPLANIO (Abbadia).
3058,2021,CASTELPLANIO (Abbadia)
3293,2022,CASTELPLANIO (Cimitero).
3344,2023,CASTELPLANIO (Cimitero)
3470,2024,POGGIO S. MARCELLO (Centro).
3405,2025,POGGIO S. MARCELLO (Centro)
3349,2026,POGGIO S. MARCELLO (Stadio).
3239,2027,POGGIO S. MARCELLO (Stadio)
2803,2028,POGGIO S. MARCELLO (Cimitero).
3294,2029,POGGIO S. MARCELLO (Cimitero)
2632,2030,POGGIO S. MARCELLO (Zucchi).
3242,2031,POGGIO S. MARCELLO (Zucchi).
3059,2032,POGGIO S. MARCELLO (Fornace).
2557,2033,POGGIO S. MARCELLO (Fornace)
2804,2034,POGGIO S. MARCELLO (Bivio Mergo).
3464,2035,POGGIO S. MARCELLO (Bivio Mergo)
2805,2036,POGGIO S. MARCELLO (Bacucco).
3295,2037,POGGIO S. MARCELLO (Bacucco)
3233,2038,MONTECAROTTO (Spaccetto).
2876,2039,MONTECAROTTO (Spaccetto)
3235,2040,MONTECAROTTO (Cimitero).
2934,2041,MONTECAROTTO (Cimitero)
3128,2042,MONTECAROTTO (Ospedale).
3236,2043,MONTECAROTTO (Ospedale)
3406,2044,MONTECAROTTO (Centro)
3296,2045,MONTECAROTTO (Villa).
2630,2046,MONTECAROTTO (Villa)
2935,2047,SERRA DE CONTI (Hotel).
3179,2048,SERRA DE CONTI (Hotel)
3240,2049,SERRA DE CONTI (Centro).
3241,2050,SERRA DE CONTI (Centro)
3297,2051,SERRA DE CONTI (Fonti).
2936,2052,SERRA DE CONTI (Fonti)
3001,2053,OSTERIA  (Semaforo)
3347,2054,OSTERIA  (Semaforo)
3407,2055,OSTERIA  (Centro).
2689,2056,OSTERIA  (Centro)
3348,2057,SENIGALLIA (Rotonda).
2690,2059,SENIGALLIA (Enel).
3237,2061,SENIGALLIA (Hotel Metropol).
2629,2062,SENIGALLIA (Hotel Metropol)
3408,2063,JESI (Simonetta).
3298,2064,JESI (Simonetta)
2744,2065,JESI (Villa Pieralisi).
3060,2066,JESI (Villa Pieralisi)
2558,2067,JESI ( Figuretta).
3130,2068,JESI (Figuretta)
2633,2069,JESI (Spaccio Montelatiero).
3409,2070,JESI ( SPACCIO Montelatiero)
3180,2071,JESI (Cancelli).
2627,2073,JESI (Cancelli)
3410,2074,SAN MARCELLO (Passo Antico).
3234,2075,SAN MARCELLO (Passo Antico)
3469,2076,San Marcello (Case Popolari).
3061,2077,BELVEDERE (Zona Ind.M Sole).
2937,2078,BELVEDERE (Zona Ind.M Sole)
2743,2079,BELVEDERE (Incr. Castagna).
3238,2080,BELVEDERE (Incr. Castagna)).
2807,2081,BELVEDERE (Maglificio).
2808,2082,BELVEDERE (Maglificio)
2631,2083,BELVEDERE (Incr. Fornace).
3129,2084,BELVEDERE (Incr. Fprnace)
3411,2085,FORNACE (Enel).
3412,2086,FORNACE (Enel)
3350,2087,FORNACE (Centro).
3465,2088,FORNACE (Centro)
2938,2089,FORNACE (Villa).
2875,2090,FORNACE (Villa)
3466,2091,FORNACE (Biv. Jesi).
2809,2092,FORNACE (Biv. Jesi)
2559,2093,BELVEDRE (Villa Fantasmi).
3232,2094,BELVEDERE (Villa Fantasmi)
2939,2095,BELVEDRE (Passo Vaccarile).
3125,2096,BELVEDRE (Passo Vaccarile)
3002,2097,OSTRA (Porcaro).
2810,2098,OSTRA (Porcaro)
2691,2099,OSTRA (Vino e Miele).
3003,2100,OSTRA (Vino e Miele)
3299,2101,OSTRA (Livieri).
2692,2102,OSTRA (Livieri)
3126,2103,OSTRA (Bar Semaforo).
2693,2104,OSTRA (Bar Semaforo)
2940,2105,OSTRA (Mercato).
3378,2106,JESI (Bivio ITIS)
3413,2107,SCORCELLETTI (Bora)
2900,2108,SCORCELLETTI (BORA).
3062,2110,Moie (Bar Paola)
3265,2112,MOIE (Metano).
3156,2113,MOIE (Chiesa nuova)
3300,2114,MOIE (Chiesa nuova).
3166,2115,JESI (Passo Cingoli)
3508,2116,OSTERIA (Capolinea)
3181,2117,MOIE (Incr. Str. Campagna)
3135,2118,MOIE (Incr. Str. Campagna)
3414,2119,SERRA DE CONTI  (Cimitero)
2792,2120,SERRA DE CONTI  (Carabinieri)
3046,2121,SERRA DE CONTI  (Carabinieri)
2560,2122,SERRA DE CONTI  (Porta Croce)
2622,2123,SERRA DE CONTI  (Porta Croce).
3121,2124,MONTECAROTTO  (Incr. Circonvallazione)
3345,2125,ROCCA PRIORA (Mulino)
2623,2126,MONTECAROTTO  (Incr. Circonvallazione).
2872,2127,MONTECAROTTO  (Rist. Modo Mio)
2624,2128,MONTECAROTTO  (Rist. Modo Mio).
2625,2129,MONTECAROTTO  (Incr. Angeloni)
2999,2130,MONTECAROTTO  (Incr. Angeloni).
2626,2131,MONTECAROTTO  (Barbini)
2873,2132,MONTECAROTTO  (Barbini).
2874,2133,POGGIO SAN MARCELLO (Bivio)
3462,2134,POGGIO SAN MARCELLO (Bivio).
3122,2135,POGGIO SAN MARCELLO (Sc. Fossato)
3123,2136,POGGIO SAN MARCELLO (Sc. Fossato).
3124,2137,POZZETTO (Rettilineo)
3346,2138,POZZETTO (Rettilineo).
3463,2139,POZZETTO (Centro)
2561,2140,POZZETTO (Centro).
3182,2141,MONTECAROTTO (Circ. Asilo)
2811,2142,MONTECAROTTO (Circ. Asilo).
3183,2143,MONTECAROTTO (Mattatoio)
3184,2144,MONTECAROTTO (Mattatoio).
3415,2145,MONTECAROTTO (Giacani)
2941,2146,MONTECAROTTO (Giacani)
3416,2148,MONTECAROTTO (Pinti)
3063,2149,MONTECAROTTO (Pinti).
3301,2150,MONTECAROTTO (Fornace)
2562,2151,MONTECAROTTO (Fornace).
3185,2152,MONTECAROTTO (S.Angelo)
3064,2153,MONTECAROTTO (S. Angelo).
2695,2154,TORRE (Paoloni)
2563,2155,TORRE (Paoloni).
2696,2156,TORRE (Metano)
3302,2157,TORRE (Metano).
3417,2158,TORRE (Vigne)
2942,2159,TORRE (Vigne).
2564,2160,TORRE (Hotel)
2565,2161,TORRE (Hotel).
2697,2163,MACERATA (V.le Trieste)
2698,2164,MACERATA (V.le G. Leopardi)
2943,2165,MACERATA (Capolinea)
2566,2166,MACERATA (Via G. Valenti)
3186,2167,MACERATA (Via G. Valenti).
3065,2168,VILLAPOTENZA (Cimarella)
3419,2169,VILLAPOTENZA (Cimarella)
3303,2170,BIVIO MONTEFANO (Forano)
2944,2171,BIVIO MONTEFANO (Forano).
2945,2172,FILOTTRANO (Fossa Lupara)
2812,2173,CONTRADA (Fossalupara)
4537,2174,VIA XX SETTEMBRE
4533,2175,VIA CASTELLO
4538,2176,Via XXV Aprile
4539,2177,VIA XX SETTEMBRE
4534,2178,Via XXV Aprile
4572,2181,DEPOSITO CROGNALETTI S. PIETRO
4576,2183,MOIE (Bar Paola)
4611,2184,MOIE (Metano)
4638,2185,Via Solindo
4617,2186,Via Solindo
4684,2187,Via San giuseppe
4678,2188,Via San Giuseppe
4687,2189,Via Tomassini
4690,2190,Via A. Moro
4858,2192,Via S. Giuseppe
4856,2193,Via S. Giuseppe
531,2196,Via Ancona
3488,3000,SAN PAOLO (Deposito Cap.)
3025,3002,SAN PAOLO (M. Generale)
2665,3003,MONTE ROBERTO (Ditta SES)
3026,3004,MONTE ROBERTO ( Ditta SES)
3380,3005,MONTE ROBERTO (Latini)
2666,3006,MONTE ROBERTO (Latini)
3381,3007,Minonna
2921,4000,CONCE (Scuola Materna)
3509,4001,CONCE (Scuola Materna)
3285,4002,COLLE APRICO (Santini)
3510,4003,COLLE APRICO (Santini)
3167,4004,COLLE APRICO (Colonia)
2680,4005,COLLE APRICO (Colonia)
3168,4006,COLLE APRICO (Centro)
3286,4007,COLLE APRICO (Centro)
2681,4008,COLLE APRICO (Venanzi)
3287,4009,COLLE APRICO (Venanzi)
2793,4010,COLLE APRICO (Agr il Colle))
2922,4011,COLLE APRICO (Agr il Colle))
3288,4012,SERRA DE CONTI (Biv. Granelli)
3511,4013,ARCEVIA  (Ospedale)
2923,4014,COLLE APRICO (Case Conti)
2924,4015,COLLE APRICO (Del Giudice)
3512,4016,MAGNADORSA
2682,4017,Magnadorsa
3047,4018,MAGNADORSA (Moranti)
3169,4019,MAGNADORSA (Mulino)
3397,4020,MAGNADORSA (Mulino)
3289,4021,MAGNADORSA  (Contr. Fornace)
3398,4022,MAGNADORSA  (Casette)
3048,4023,MAGNADORSA  (Casette)
2925,4024,MAGNADORSA  (Bivio)
2926,4025,MAGNADORSA  (Bivio)
3170,4026,MAGNADORSA  (Simonetti)
2794,4027,MAGNADORSA  (Simonetti)
2795,4028,FONTI DI BARLENGA
3290,4029,FONTI DI BARLEGA
2683,4030,SAN G. BATTISTA (Zona Industriale)
2927,4031,BIVIO CONCE (Mariotti)
3171,4032,BIVIO CONCE (Mariotti)
3538,4033,ARCEVIA (Scuole)
3535,4034,MAGNADORSA (Officina)
3560,4035,OSTERIA (Discount)
3561,4036,OSTERIA (Discount)
3536,4037,SERRA DE' CONTI (Fonti)
3528,4038,SERRA DE' CONTI (Fonti)
3547,4039,SERRA DE CONTI (Zona Ind.)
3524,4040,SERRA DE CONTI (Zona Ind.)
3551,4041,SERRA DE CONTI (M.T.S)
3552,4042,SERRA DE CONTI (M.T.S)
3553,4043,SERRA DE CONTI (Granelli)
3525,4044,SERRA DE CONTI (Granelli)
3539,4045,TASSANARE (Bivio)
3540,4046,TASSANARE (Bivio)
3541,4047,CASTIGLIONI (Centro)
3526,4048,CASTIGLIONI (Centro)
3529,4049,AVACELLI (Betulle)
3548,4050,AVACELLI (Betulle)
3530,4051,AVACELLI (Bivio)
3521,4052,AVACELLI (Bivio)
3522,4053,AVACELLI (Centro)
3554,4054,BIVIO CASTIGLIONI
3542,4055,BIVIO CASTIGLIONI
3543,4056,ZEPPALE
3527,4057,OSTERIA (Fornaci)
3517,4058,MAGNADORSA (Officina)
3549,4059,PALAZZO (Incr. Centro)
3555,4060,Frazione Palazzo
3531,4061,LORETELLO (Centro)
3550,4062,NIDASTORE (Trionfetti)
3518,4063,NIDASTORE (Trionfetti)
3519,4064,CASTELLEONE (Contr.Ville)
3556,4065,CASTELLEONE (Contr.Ville)
3532,4066,CASTELLEONE (CENTRO)
3533,4067,NIDASTORE (Incr.)
3537,4068,SAN LORENZO (Incr. C.Leone)
3544,4069,SAN LORENZO (Incr. C.Leone)
3557,4070,Castelleone (Distributore)
3558,4071,Castelleone (Distributore)
3545,4072,CASTELLEONE (Case Nuove)
3534,4073,CASTELLEONE (Case Nuove)
3523,4074,CASTELLEONE (Incr. Ripalta)
3559,4075,CASTELLEONE (Incr. Ripalta)
3520,4076,CORINALDO (Nevola)
3546,4077,CORINALDO (Distributore IS)
3565,4078,CORINALDO (Piani d' Appresso)
3562,4079,BARBARA (La Pieve)
3566,4080,BARBARA (La Pieve)
3567,4081,BARBARA (MAP)
3568,4082,BARBARA (MAP)
3574,4083,BARBARA (Cantina)
3575,4084,BARBARA (Cantina)
3587,4085,BARBARA (C.Commerciale)
3581,4086,BARBARA (C.Commerciale Parch.)
3576,4087,BARBARA (S. Antonio)
3596,4088,BARBARA (S. Antonio)
3577,4089,OSTERIA (Chiesa)
3578,4090,COLONNETTA ( Biv. Montale)
3602,4091,COLONNETTA ( Biv. Montale)
3597,4092,MONTALE (Contr. Carrara)
3582,4093,MONTALE (Contr. Carrara)
3603,4094,MONTALE (Collina)
3583,4095,MONTALE (Collina)
3569,4096,MONTALE (Mencarelli)
3588,4097,MONTALE (Mencarelli)
3584,4098,MONTALE (Fontana)
3598,4099,MONTALE (Fontana)
3589,4100,MONTALE (Centro)
3570,4101,MONTALE (Centro)
3590,4102,MONTALE (Officina)
3604,4103,MONTALE (Officina)
3612,4104,MONTALE (Manieri)
3605,4105,MONTALE (Manieri)
3591,4106,PITICCHIO (Zona Artig.)
3592,4107,PITICCHIO (Zona Artig.)
3599,4108,PITICCHIO (Borgo Emilio)
3563,4109,PITICCHIO (Borgo Emilio)
3593,4110,PITICCHIO (Passo Piticchio)
3610,4111,PITICCHIO (Passo Piticchio)
3601,4112,PITICCHIO (Borgo G.XXIII)
3594,4113,PITICCHIO (Borgo G.XXIII)
3572,4114,PITICCHIO (Passo S. Ginesio)
3580,4115,PITICCHIO (Passo S. Ginesio)
3573,4116,ARCEVIA (Boschetto)
3564,4117,ARCEVIA (Boschetto)
3585,4118,ARCEVIA (Cimitero)
3595,4119,ARCEVIA (Cimitero)
3611,4120,BIVIO CONCE (Pensilina)
3586,4121,Bivio  Conce (Pensilina)
3614,4122,CORINALDO (Biv. Nevola)
3739,4123,CASTIGLIONI (Pietrini)
4512,4124,Borgo Mazzini
4511,4125,Borgo Mazzini
4514,4126,CONTRADA MONTALE
4532,4127,CASTIGLIONI (Giulioni)
4535,4128,Via Castiglioni
4543,4129,Via Castiglioni
4569,4130,Bivio Conce
4570,4133,Bivio Serrafiore
4563,4134,Castiglioni
4564,4135,Frazione Castiglioni
4630,4137,Via Nevola
4618,4139,Via Nevola - Agricoop
4658,4140,Via A. Diaz
4673,4141,Via Roma
4671,4142,Via Roma
3266,5000,CUPRAMONTANA Cap.
2901,5001,CUPRAMONTANA (Ospedale)
3489,5002,CUPRAMONTANA
3490,5003,CUPRAMONTANA (Crocifisso)
3491,5004,CUPRAMONTANA (S. Giovanni)
2902,5006,MAIOLATI S. (Centro)
3492,5007,MAIOLATI (Municipio)
3268,5008,SCISCIANO (Centro)
2667,5009,Castelplanio (Stazione)
3027,5010,SCISCIANO (Centro)r
2769,5011,MAIOLATI S. (Centro)r
3028,5012,MAIOLATI S. (Municipio).
2770,5013,CUPRAMONTANA (S. Giovanni)r
3150,5014,CUPRAMONTANA (Crocifisso)r
3269,5015,CUPRAMONTANA (Carabinieri)r
3029,5016,DEPOSITO SACSA CUPRAMONTANA
3382,5017,CUPRAMONTANA (Ospedale)r
2668,5018,CUPRAMONTANA (Buresta)
2771,5019,CUPRAMONTANA (Cimitero)
2813,5020,CUPRAMONTANA (San Michele)
3187,5021,CUPRAMONTANA (Rosina)
2567,5022,TORRE GHISLIERI
2946,5023,PONTE MAGNO
2814,5024,PIANELLO VALLESINA (Piazza)
2568,5025,PIANELLO VALLESINA  (Sc. Elementare)
3420,5026,PIANELLO VALLESINA (Terrone)
2569,5027,PONTE PIO
3304,5028,JESI (Arco Clementino)r
3188,5029,PONTE PIO
3066,5030,PIANELLO V. (Terrone) r
2570,5031,PIANELLO V. (Sc. Elementare)r
2815,5032,PIANELLO V. (Piazza).
3189,5033,PIANELLO V. (Piazza Font).
2571,5034,PONTE MAGNOr
2699,5035,TORRE GHISLIERIr
3190,5036,CUPRAMONTANA (Rosina)r
3067,5037,CUPRAMONTANA (S.Michele)r
3421,5038,CUPRAMONTANA (Cimitero)r
2947,5039,CUPRAMONTANA (Buresta)r
2572,5040,MAIOLATI S. -Casa Paolo IV-
3305,5041,MAIOLATI S. -Casa Paolo IV-r
3068,5042,MONTE ROBERTO -Sabbioni-
2700,5043,MONTE ROBERTO Sabbioni-r
2948,5044,MONTE ROBERTO (Centro)
3069,5045,MONTE ROBERTO (Centro)
2701,5046,CASTELBELLINO (Piazza)
2702,5047,CASTELBELLINO (Piazza).
2703,5048,MONTE ROBERTO (Calamit)
3422,5049,MONTE ROBERTO (Calamitj)r
3070,5050,Castelbellino Stazione
2949,5051,Castelbellino Stazione r
3423,5052,CASTELBELLINO STAZ. (Distributore)
3191,5053,CASTELBELLINO STAZ. (Distributore)r
2816,5054,SCORCELLETTI (Centro)
2573,5055,SCORCELLETTI (Centro)r
3071,5056,SP 76 PANTIERE (Villa Serena)
2950,5057,PANTIERE (Villa Serena)r
3306,5058,PIANELLO V. (Rot. Gagliardini)
2817,5059,PIANELLO V. (Rot. Gagliardini)r
2574,5060,CUPRAMONTANA (Campo sportivo)
3072,5061,CUPRAMONTANA (Campo sportivo)r
3073,5062,APIRO (Bivio)
2818,5063,APIRO (Bivio)r
2819,5064,STAFFOLO (Crocifisso)
2575,5065,STAFFOLO (Crocifisso)r
2576,5066,STAFFOLO (Centro)
3307,5067,STAFFOLO (Centro)r
3308,5068,STAFFOLO (Castellaretta)
3309,5069,STAFFOLO (Castellaretta)r
2577,5070,STAFFOLO (Bivio Follonica)
2820,5071,STAFFOLO (Bivio Follonica)r
3310,5072,STAFFOLO (Casa Marchegiani)
3074,5073,STAFFOLO (Casa Marchegiani)r
2578,5074,SAN PAOLO DI JESI (Monumento)
3075,5075,SAN PAOLO DI JESI (Monumento)r
2704,5076,SAN PAOLO DI JESI (Piazza)
2951,5077,SAN PAOLO DI JESI (Piazza)r
2705,5078,SAN PAOLO DI JESI (Giardini)
3076,5079,SAN PAOLO DI JESI (Giardini)r
3311,5080,SAN PAOLO DI JESI (San Giuseppe)
3312,5081,SAN PAOLO DI JESI (San Giuseppe)r
3192,5082,SAN PAOLO DI JESI (Bivio scappia)
3424,5083,SAN PAOLO DI JESI (Bivio scappia)r
2952,5084,PONTE MAGNO (S.Apollinaire)
2821,5085,PONTE MAGNO (S. Apollinare)r
2579,5086,STAFFOLO (Consorzio)
2580,5087,STAFFOLO (Consorzio)r
2823,5089,SAN MARCELLO (Circonvallazione)
2903,5090,SanN Marcello (Circonvallazione).
2772,5091,SAN MARCELLO (Ristorante)
2773,5092,SAN MARCELLO (Ristorante)r
3151,5093,SAN MARCELLO (Montelatiere)
3030,5094,SAN MARCELLO (Montelatiere).
3152,5095,MONSANO (Santa Lucia)r
3493,5096,MONSANO (Santa Lucia)
3031,5097,MONSANO (Centro)
2904,5098,Monsano (Centro)r
3032,5099,MONSANO (Villa)
2774,5100,MONSANO (Villa)r
3033,5101,MONSANO (Quartiere Nuovo)
2905,5102,MONSANO (Quartiere Nuovo)r
3034,5103,MONSANO (Santa Maria)
3035,5104,MONSANO (Santa Maria)r
3036,5105,MONSANO (Villa Pianetti)
3383,5106,MONSANO (Villa Pianetti)r
3270,5107,MONSANO (Centro Scarpa)
3384,5108,MONSANO (Centro Scarpa)r
2775,5109,JESI (Irish Pub)
2776,5110,BORGHETTO (Bivio Selva)
3385,5111,BORGHETTO (Bivio Selva )r
3494,5112,CHIARAVALLE (Marini)r
2906,5113,CHIARAVALLE (Marini)
3271,5114,CHIARAVALLE (Incr. Torre)
3037,5115,CHIARAVALLE (Casello F.S.)r
3387,5116,CHIARAVALLE (Casello F.S.)
3038,5117,PASSO M. S. VITO r
3272,5118,CHIRAVALLE (Sc. Elementare)
3495,5119,CHIARAVALLE (distributore)
2777,5120,CHIARAVALLE (Distributore)r
3496,5121,CHIARAVALLE (Passo M.Montemarciano)
3153,5122,CHIARAVALLE (Passo M.Montemarciano)r
2669,5123,CHIARAVALLE (Casa Cantoniera)
2778,5124,CHIARAVALLE (Casa Cantoniera)r
4547,5125,Via Scappia
3154,5126,ROCCA PRIORA (Mulino)r
2670,5127,ROCCA PRIORA
3388,5128,ROCCA PRIORAr
4522,5129,MOIE (Cimitero)r
3155,5130,MOIE (Cimitero)
2779,5131,MOIE (Poste)r
3273,5132,MOIE (Poste)
2907,5133,MOIE (Centro)
2780,5134,MOIE (Centro).
3497,5135,Castelplanio (Croce Rossa) - dir. Jesi
2671,5136,Castelplanio (Croce Rossa) - dir. Castelplanio
2908,5137,PIANELLO V. (Interscambio)
3498,5138,Castelplanio (Bivio Stazione).
2909,5139,ANGELI DI ROSORA
2672,5140,ANGELI DI ROSORAr
2910,5141,SERRA SAN QUIRICO (Stazione)
3389,5142,SERRA SAN QUIRICO (Stazione)r
4517,5144,Via Clementina
4518,5145,Via Clementina
4519,5146,Via Clementina
4516,5147,Via Clementina
4546,5148,Via Scappia
4548,5149,Via Madonna delle Lame
4545,5150,Via Madonna della Misericordia
4609,5151,DEPOSITO SACSA STAFFOLO
4613,5154,CHIARAVALLE (Via Carducci)
4541,5157,Via Marche
4544,5158,Deposito Sacsa
4607,5159,DEPOSITO SACSA JESI
4679,5160,Via Montegiacomo
4682,5161,Via Montegiacomo
4669,5165,Via 25 Aprile
4667,5166,Via 25 Aprile
4685,5167,Via G. Garibaldi
4670,5168,Via Pozzetto
4686,5169,Via Pozzetto
4677,5170,SACSA GARAGE
4949,5171,Pozzetto (zona residenziale piano amato)
5095,5172,Moie (C. Comm. Oceano)
2824,6000,ARCEVIA (Capolinea)
2825,6001,ARCEVIA (Monumento)
3078,6002,ARCEVIA (Bramucci)
2953,6003,ARCEVIA (Borgo)
2826,6004,ARCEVIA (Borgo)
2954,6005,ARCEVIA (Ponte)
2581,6006,ARCEVIA (Ponte ).
2582,6007,ARCEVIA  (Merloni)
3079,6008,ARCEVIA  (Merloni).
3425,6009,ARCEVIA (Renali)
2706,6010,ARCEVIA (Renali).
3426,6011,ARCEVIA (Ingesso Merloni).
3080,6012,CONCE (Banca)
3193,6013,CONCE (Banca).
2583,6014,CONCE (Bar)
3427,6015,CONCE (Bar).
3194,6016,BIVIO MAGNADORSA (Dir. S.S. Qurico)
3081,6017,BIVIO MAGNADORSA (Dir. S.S. Qurico).
2827,6018,BIVIO COLLEAPRICO
4554,6019,COLLEAPRICO BIVIO.
3195,6020,PROSANO (Col di Corte)
3428,6021,PROSANO (Col di Corte).
2955,6022,PROSANO (Chiesa)
2956,6023,PROSANO (Chiesa)
2707,6024,VADO
3313,6025,VADOr
3314,6026,AVACELLI (Bivio)
2584,6027,AVACELLI (Bivio).
2957,6028,TRIVIO
2585,6029,TRIVIOr
3399,6030,TRIVIO (Agriturismo)
3400,6031,TRIVIO (Agriturismo)
3172,6032,MERGO (Chiesa)
3513,6033,MERGO (Chiesa).
2684,6034,MERGO (Scuole)
3291,6035,MERGO (Scuole)
2796,6036,MERGO (Comune)
3049,6037,TASSANARE
2685,6038,TASSANARE.
2928,6039,TASSANARE (Agriturismo)
3401,6040,TASSANARE (Agriturismo).
3514,6041,ROSORA (Cimitero)
3173,6042,ROSORA (Cimitero).
2797,6043,ROSORA (Monumento)
2929,6044,ROSORA (Monumento).
3050,6045,ROSORA (Centro)
2686,6046,ROSORA (Centro).
3292,6047,ROSORA
2687,6048,ROSORA.
2798,6049,Bivio Castelplanio
3174,6050,Bivio Castelplanio.
2799,6052,BORGO LORETO (Stabilimento Fileni)
3052,6053,BORGO LORETO (Centro)
3175,6054,BORGO LORETO (Centro).
2930,6055,BORGO LORETO (Fileni)
2931,6056,BORGO LORETO (Fileni).
3053,6057,BORGO LORETO (Moplan)
3054,6058,BORGO LORETO (Moplan).
3515,6059,SAN LORENZO (Comune)
3176,6060,SAN LORENZO (Comune)
3055,6061,SAN LORENZO (Tabacchi)
2932,6062,SAN LORENZO (Biv. Pergolese).
3402,6063,NIDASTORE  (Giacchini).
3177,6064,NIDASTORE  (Giacchini).
3178,6065,NIDASTORE (Villa Monti)
2933,6066,NIDASTORE (Villa Monti).
3403,6067,NIDASTORE (Centro)
3516,6068,NIDASTORE (Centro).
3056,6069,LORETELLO (Bivio)
3373,6070,LORETELLO (Bivio).
3259,6071,SAN PIETRO (Centro)
3374,6072,SAN PIETRO (Centro).
2654,6073,SAN PEITRO (Piccolo Ranch)
2895,6074,SAN PIETRO (Piccolo Ranch).
3260,6075,PALAZZO (Cenci)
3019,6076,PALAZZO (Cenci).
2655,6077,PALAZZO (Moie)
2766,6078,PALZZO (Moie).
2656,6079,PALAZZO (Centro)
2896,6080,PALAZZO (Centro).
2657,6081,PALAZZO (Cimitero)
2658,6082,PALAZZO (Cimitero).
2659,6083,MONTEFORTINO (Centro)
3261,6084,MONTEFORTINO (Centro).
2897,6085,ARCEVIA (La Valle)
2660,6086,ARCEVIA (La Valle).
3485,6087,ARCEVIA (Sassocupo)
2661,6088,ARCEVIA (Sassocupo).
2767,6089,ARCEVIA (Santa Croce)
3020,6090,ARCEVIA (Santa Croce).
3021,6091,ARCEVIA (Bivio Costa)
3375,6092,ARCEVIA (Bivio Costa).
3262,6093,SAN DONNINO
2662,6094,SAN DONNINO.
3376,6095,COL D' API
3148,6096,COL D' API.
3377,6097,ISOLA CENTIPERA
2663,6098,ISOLA CENTIPERA.
2898,6099,COLLEPONI (Bivio)
3022,6100,COLLEPONI (Bivio)
2664,6101,SASSOFERRATO (Centro Commerciale)
3023,6102,SASSOFERRATO (Centro Commerciale)
3149,6103,SASSOFERRATO (Vainer)
2899,6104,SASSOFERRATO (Vainer).
3263,6105,SASSOFERRATO (Banca)
2768,6106,SASSOFERRATO (Banca).
3264,6107,SASSOFERRATO (Capolinea)
3486,6108,SASSOFERRATO (Mattatoio)
3487,6109,SASSOFERRATO (Mattatoio).
2828,6110,SASSOFERRATO (Sc. Elem. Via Roma)
2708,6111,SASSOFERRATO (Sc. Elem. Via Roma).
3082,6112,BIVIO SCHEGGIA
3196,6113,BIVIO SCHEGGIA.
2958,6114,SASSOFERRATO (Zona Barbentina)
2829,6115,SASSOFERRATO (Zona Barbentina).
3315,6116,BIVIO S. DONATO
3083,6117,BIVIO S. DONATO.
3084,6118,SAN DONATO (Casello F.S.)
2586,6119,SAN DONATO (Casello F.S.).
2587,6120,BIVIO COL DI NOCE
2830,6121,COL DI NOCE (Bivio).
2831,6122,COCCORE
2959,6123,COCCORE.
3197,6124,MARENELLA
3085,6125,MARENELLA.
2832,6126,MOLINACCIO
2960,6127,MOLINACCIO.
2833,6128,MOLINACCIO (Poste)
2588,6129,MOLINACCIO (Poste).
3086,6130,MELANO BIVIO
2834,6131,MELANO BIVIO.
3087,6132,MELANO (Stazine)
2589,6133,MELANO (Stazine).
3088,6134,MELANO (Motorizzazione)
3316,6135,MELANO (Motorizzazione).
3429,6136,MARISCHIO (Lorev)
2590,6137,MARISCHIO (Lorev).
3089,6138,CERESOLA BIVIO
2835,6139,CERESOLA BIVIO.
2591,6140,FABRIANO (Borgo)
2836,6141,FABRIANO (Borgo).
2709,6142,FABRIANO (Ballelli)
2837,6143,FABRIANO (Ballelli).
2710,6144,FABRIANO (Stazione F.S.)
2592,6145,FABRIANO (Stazione F.S.).
3317,6146,FABRIANO  Terminal Dante
2593,6147,BELLISIO SOLFARE Cap.
2711,6148,BELLISIO SOLFARE (Capolinea).
3430,6149,BELLISIO SOLFARE (Fabbro)
2648,6150,BELLISIO SOLFARE (Fabbro).
3364,6151,PANTANA (Bivio)
2649,6152,PANTANA (Bivio).
3365,6153,PERGOLA (Bivio F.S.)
3015,6154,PERGOLA (Bivio F.S.).
3257,6155,PERGOLA (Piscina)
3481,6156,PERGOLA (Piscina).
2650,6157,PERGOLA (Centro)
3366,6158,PERGOLA (Mezzanotte Biv.)
3367,6159,PERGOLA (Mezzanotte Bivio).
2889,6160,PERGOLA (Cimarelli)
2763,6161,CONCE(Zeppale)
3142,6162,CONCE (Zeppale).
3143,6163,ARCEVIA (Frati)
2764,6164,ARCEVIA (Frati).
3144,6165,VADO (Bivio)
3145,6166,VADO (Bivio).
2890,6167,PERGOLA (Cimarelli).
3016,6168,MONTEROLO
2651,6169,MONTEROLO.
2765,6170,SAN VITO PIEVE
2891,6171,SAN VITO PIEVE.
3368,6172,PONTE DEI SOSPIRI
3482,6173,PONTE DEI SOSPIRI.
2892,6174,PASSO SAN SEVERO
3483,6175,PASSO SAN SEVERO.
3369,6176,SAN LORENZO (H.G.)
3017,6177,SAN LORENZO (H.G.).
2652,6178,SAN LORENZO (Bonafede)
3018,6179,SAN LORENZO (Bonafede).
2893,6180,SAN LORENZO (Km.24)
3258,6181,SAN LORENZO (Km. 24).
3146,6182,Provinciale 16
3370,6183,CASTELFRATTE (Bivio)
3484,6184,CASTELFRATTE (Bivio).
3147,6185,BIVIO S. ANDREA
2653,6186,BIVIO S. ANDREA.
2894,6187,CIRENAICA
3371,6188,CIRENAICA.
3372,6189,SAN MICHELE (Centro)
2634,6190,SAN MICHELE (Centro).
3005,6191,SAN FILIPPO (Biv Corinaldo)
2745,6192,SAN FILIPPO (Biv Corinaldo).
3006,6193,SAN FILIPPO (Biv. Orciano)
3243,6194,SAN FILIPPO (Biv. Orciano).
3244,6195,MONTEPORZIO (Via Roma)
2746,6196,MONTEPORZIO (Via Roma).
3245,6197,MONTEPORZIO (Comune)
2877,6198,MONTEPORZIO (Comune).
3246,6199,MONTEPORZIO (Zona Ind.)
3471,6200,MONTEPORZIO (Zona Ind.).
2878,6201,CASTELVECCHIO (Centro)
3007,6202,CASTELVECCHIO (Centro).
2747,6203,CASTELVECCHIO (Zona Ind.)
3351,6204,CASTELVECCHIO (Zona Ind.).
2635,6205,PASSO DI MONTERADO
3472,6206,PASSO MONTERADO.
2748,6207,PONTE RIO (Baioni)
3008,6208,PONTE RIO (Baioni).
3473,6209,PONTE RIO (Centro)
3131,6210,PONTE RIO (Centro).
3352,6211,PONTE RIO (Distributore)
3353,6212,PONTE RIO (Distributore).
2636,6213,CENTOCROCI (Biv. Mondolfo)
2749,6214,CENTOCROCI (Biv. Mondolfo).
2637,6215,CENTOCROCI (Caffetteria)
3247,6216,CENTOCROCI (Caffetteria).
3474,6217,MONDOLFO (Imarredo)
2879,6218,MONDOLFO (Imarredo).
2880,6219,MONDOLFO (MiuMiu)
3009,6220,MONDOLFO (MiuMiu).
3132,6221,MAROTTA (Incr. Autostrada)
2881,6222,MAROTTA (Incr. Autostrada).
3248,6223,MAROTTA (Stazione F.S.)
2638,6224,MAROTTA (Stazione F.S.).
2639,6225,POGGETTO
2640,6226,POGGETTO
2750,6227,POGGETTO (Sisti)
3475,6228,POGGETTO (Sisti).
3354,6229,POGGETTO (Centro)
3355,6230,POGGETTO (Centro).
3356,6231,SERRA S. ABBONDIO (Uff. Postale)
3476,6232,SERRA S. ABBONDIO (Uff. Postale).
3477,6233,SERRA S. ABBONDIO (Cimitero)
2751,6234,SERRA S. ABBONDIO (Cimitero).
3357,6235,LECCIA (Bivio)
3133,6236,LECCIA (Bivio).
2752,6237,LECCIA (Termine)
2753,6238,LECCIA (Termine).
3478,6239,LECCIA (Passaggio Livello)
3249,6240,LECCIA (Passaggio Livello).
3250,6241,MONTEROSSO  (Staz: Cimitero)
3358,6242,MONTEROSSO  (Staz: Cimitero).
3010,6243,MONTEROSSO (Stazione)
2882,6244,MONTEROSSO (Stazione).
3134,6245,MONTEROSSO ALTO (Bivio)
2754,6246,MONTEROSSO ALTO (Bivio).
2755,6247,PIANE DI FRASSINETA (Country Hotel)
2756,6248,PIANE DI FRASSINETA (Country Hotel).
2757,6249,BIVIO DI FRASSINETA
2838,6250,BIVIO DI FRASSINETA .
3318,6251,SASSOFERRATO (Crai)
3431,6252,SASSOFERRATO (Crai).
2839,6253,SASSOFERRATO (Bivio Stazione F.S.)
3432,6254,FABRIANO (Stab. Marangone)
3433,6255,SNAM Progetti
2594,6256,FABRIANO (Stab. Stopponi)
3090,6257,Provinciale SP16
3198,6258,FABRIANO (Stab. Merloni)
2712,6259,FABRIANO (S.Maria Tabacchi)
3091,6260,FABRIANO (S.Maria Tabacchi).
2840,6261,FABRIANO (Carabinieri)
2961,6262,FABRIANO (Carabinieri).
2595,6263,FABRIANO (Giardini)
2596,6264,FABRIANO (Giardini).
2597,6265,FABRIANO (Via Faldi)
3199,6266,FABRIANO (Via Faldi).
3434,6267,FABRIANO (Cap.Cartiere)
3092,6268,PERGOLA (Bivio Tarugo)
3093,6269,PERGOLA (Bivio Tarugo).
3435,6270,OSTERIA DEL PIANO (Palaca)
2962,6271,OSTERIA DEL PIANO (Palaca).
2713,6272,OSTERIA DEL PIANO (Bar)
3200,6273,OSTERIA DEL PIANO (Bar).
3201,6274,CANNETO (Figirina)
3319,6275,CANNETO (Figirina).
3094,6276,CANNETO (Scuole)
2841,6277,CANNETO (Scuole).
3436,6278,CANNETO (Tagnani)
2714,6279,CANNETO (Tagnani).
2963,6280,TORRICELLA (Bivio)
2964,6281,TORRICELLA (Bivio).
3202,6282,FRONTONE (Zona Ind)
2965,6283,FRONTONE (Zona Ind).
3320,6284,FRONTONE (Distributore)
3437,6285,FRONTONE (Distributore).
2715,6286,FRONTONE (Centro)
2842,6287,FRONTONE (Centro).
2716,6288,PETRARA (Bar)
2717,6289,PETRARA (Bar).
3438,6290,PIANELLO (Serra S.A)
2718,6291,PIANELLO (Serra S.A).
3095,6292,SANTA MARIA (Serra S.A)
2598,6293,SANTA MARIA (Serra S.A).
2966,6294,SERRA S. ABBONDIO (Centro)
4664,6295,SP 24
2843,6296,POGGETTO (Calzaturificio)
2599,6297,POGGETTO (Calzaturificio).
3096,6298,SP 24
2844,6299,MORELLO (Bivio Cerro)
3011,6300,MORELLO (Bivio Cerro).
2758,6301,MORELLO (Bivio)
3012,6302,MORELLO (Bivio).
2759,6303,SERRA S. ABBONDIO (Bivio)
3136,6304,SERRA S. ABBONDIO (Bivio).
3251,6305,CABERNARDI (Centro)
3479,6306,CABERNARDI (Tabacchi)
2884,6307,CABERNARDI (Tabacchi).
2641,6308,PERCOZZONE (Bivio)
3252,6309,PERCOZZONE (Bivio).
2760,6310,ROTONDO
3359,6311,ROTONDOr
2642,6312,ROTONDO (Centro)
3013,6313,ROTONDO (Centro).
3014,6314,ROTONDO (B. Cabernardi)
2761,6315,ROTONDO (B.Cabernardi).
2643,6316,FRASCA
2644,6317,FRASCA
3253,6318,RADICOSA (Centro)
2885,6319,RADICOSA (Centro).
3360,6320,CATOBAGLI (Roani)
2645,6321,CATOBAGLI (Roani).
2886,6322,CATOBAGLI (Centro)
3137,6323,MONTEROSSO (Piagge)
2762,6324,MONTEROSSO (Piagge).
3361,6325,MONTEROSSO (Centro)
3138,6326,MONTEROSSO (Centro).
3362,6327,MONTEROSSO (Luzzi)
3363,6328,MONTEROSSO (Luzzi).
2887,6329,MONTEROSSO (Bivio Cerro)
2646,6330,MONTEROSSO (Bivio Cerro).
3139,6331,MONTEROSSO (Bivio)
3254,6332,MONTEROSSO (Bivio).
2888,6333,COLLEPONI (Bivio)
3255,6334,COLLEPONI (Bivio)
2647,6335,COLLEPONI (Cimitero)
3480,6336,COLLEPONI (Cimitero).
3140,6337,COLLEPONI (Poste)
3141,6338,COLLEPONI (Poste).
3256,6339,COLLEPONI (Micheletti)
2981,6340,COLLEPONI (Micheletti).
2731,6341,GENGA
2864,6342,GENGA .
2982,6343,PONTEBOVESCO
2865,6344,PONTEBOVESCO.
2983,6345,GENGA (M T S)
3116,6346,GENGA (M T S).
3451,6347,FRASASSI (Grotte)
3334,6348,FRASASSI (Grotte).
2617,6349,FRASASSI (Terme)
3452,6350,FRASASSI (Terme).
3335,6351,GENGA (Stazione F.S.)
2732,6352,GENGA (Stazione F.S.).
2866,6353,GENGA (Stazione Scuole)
3453,6354,GENGA (Stazione Scuole).
2733,6355,CAMPONOCECCHIO
3222,6356,CAMPONOCECCHIO.
3117,6357,SERRA ALTA
3454,6358,SERRA ALTA.
3336,6359,SERRA S.QUIRICO F.S. (Farmacia)
2734,6360,SERRA S.QUIRICO F.S. (Farmacia).
3455,6361,SERRA S.QUIRICO F.S. (Via Filsi)
2735,6362,SERRA S.QUIRICO F.S. (Via Filsi).
3456,6363,SERRA S.QUIRICO F.S. (Popolari)
3337,6364,SERRA S.QUIRICO F.S. (Popolari).
2984,6365,SERRA S.QUIRICO (Cimitero)
3457,6366,SERRA S.QUIRICO (Cimitero).
3223,6367,SERRA S.QUIRICO (Fonti)
2985,6368,SERRA S.QUIRICO (Fonti)
3338,6369,SERRA S.QUIRICO (Centro)
3224,6370,SERRA S.QUIRICO F.S.(Bivio)
2736,6371,SERRA S.QUIRICO F.S.(Bivio)
3458,6372,SERRA S.QUIRICO F.S.(Cantoniera)
2986,6373,SERRA S.QUIRICO F.S.(Cantoniera).
2737,6374,SANT'ELENA  (Bivio)
2987,6375,SANT'ELENA  (Bivio).
3339,6376,SANT'ELENA  (Ristorante)
3340,6377,SANT'ELENA  (Ristorante).
3341,6378,ANGELI  (Poste)
2988,6379,ANGELI  (Poste).
2989,6380,CASTELPLANIO F.S. (V. Calcinaro)
3225,6381,CASTELPLANIO F.S. (V. Calcinaro).
2867,6382,CASTELPLANIO F.S. (Fazi e Battaglia)
3459,6383,CASTELPLANIO F.S. (Fazi e Battaglia).
2868,6384,CASTELPLANIO (Bivio Rosora)
2990,6385,Castelplanio (Bivio Rosora).
2618,6386,MERGO (Zona Industriale)
3118,6388,MERGO (La Villa)
2738,6389,Via Gramsci
3226,6390,SNAM Progetti
2991,6391,Frazione Camponocecchio
3227,6392,FABRIANO (Stab. Elica)
2992,6393,Frazione Camponocecchio
2739,6394,FABRIANO (Ponte Ferrovia)
2869,6396,ALBACINA  (Cartiere nuove)
3460,6398,ALBACINA (Stazione F.S.)
2740,6400,BORGO TUFICO
3228,6402,ALBACINA (Ariston)
2994,6404,TROCCHETTI
2741,6406,VALTREARA
3343,6408,GATTUCCIO
2600,6410,MAROTTA (Agip)
3097,6411,MAROTTA (Agip).
3203,6412,MAROTTA (Alberto abb.)
2845,6413,MAROTTA (Alberto abb.).
3321,6416,MAROTTA (Clap)
2601,6417,MAROTTA (Clap).
2602,6418,MAROTTA (Stok House)
2847,6419,MAROTTA (Stok House).
3204,6420,MAROTTA (Ponte Cesano)
2967,6421,MAROTTA (Ponte Cesano).
2968,6422,CESANO (Distributore Q 8)
2969,6423,CESANO (Distributore Q 8)
3205,6424,CESANO (Zona Industriale)
2603,6425,CESANO (Zona Industriale).
2970,6426,CESANELLA (P.le Michelangelo)
2971,6427,CESANELLA (P.le Michelangelo)
3099,6428,SENIGALLIA  (Ex Consorzio)
3322,6429,FABRIANO (S.Maria)
2604,6430,BIVIO (Conce)
2719,6431,SERRA S. ABBONDIO (Centro).
2720,6432,BIVIO SAN DONATO
2605,6433,SAN  DONATO (Est)
2972,6434,SAN DONATO (Ovest)
2848,6435,SAN DONATO (Sud)
4350,6440,MONDOLFO (S.Sebastiano)
4347,6441,MONDOLFO (S. Sebastiano)
4338,6442,CENTOCROCI (Bivio)
4345,6443,CENTOCROCI (Bivio)
4356,6444,MONDOLFO CAP
4344,6445,FRAZIONE SANTO STEFANO
4357,6446,FRAZIONE SANTO STEFANO
4351,6459,MONDOLFO (Cimitero)
3740,6467,BORGO BICCHIA (VV.FF)
3831,6468,SS. ARCEVIESE VV.FF.
4380,6469,MAROTTA VIA DELLE REGIONI
4385,6470,MAROTTA VIA DELLE REGIONI 2
4555,6471,Frazione S.Appollinare
4556,6472,Frazione S.Appollinare
4557,6473,Frazione S. Ginesio
4553,6474,Frazione S. Ginesio
4551,6475,S.P. Arceviese 134
4552,6476,S.P. Arceviese 134
4645,6477,Via Dell'industria
4624,6478,Via Dell'industria
4707,6479,Via Roma
4853,6480,Frazione Costa
4852,6481,MELANO (Via Piani di Marischio)
4854,6500,Frazione Costa
4859,6600,Fraz. Sant'Apollinare
4892,6601,Piazzale Matteotti
3100,7000,SENIGALLIA STADIO (Capolinea)
2606,7001,SENIGALLIA (Portici ang 2 Giugno)
3101,7002,SENIGALLIA (StazioneF.S.)
2849,7003,SENIGALLIA (StazioneF.S.).
3206,7004,SENIGALLIA (P.zza Diaz).
2850,7005,SENIGALLIA (Casa Cantoniera)
2607,7006,SENIGALLIA (Casa Cantoniera)r
3102,7007,SENIGALLIA (Summerland)
2851,7008,SENIGALLIA (Summerland)
2852,7009,SENIGALLIA (Scavolini)
3207,7010,SENIGALLIA (Scavolini)r
2608,7011,SENIGALLIA (Ciarnin)
3103,7012,SENIGALLIA (Ciarnin)r
2973,7013,MARZOCCA (Centro)
2721,7014,MARZOCCA - Centro r
2974,7015,MARZOCCA (Cerioni)
2853,7016,MARZOCCA (Cerioni)
2609,7017,MARZOCCA (Marzocchetta)
2854,7018,MARZOCCA (Marzocchetta)r
3208,7019,FORCELLA (Eden Park)
3439,7020,FORCELLA (Eden Park)r
2855,7021,MARCIANELLA
3104,7022,MARCIANELLA r
3440,7023,SENIGALLIA (Via Annibal Caro)
3441,7024,MARINA DI MONTEMARCIANO
3105,7025,ANCONA (Stazione-Linee Atma)
3741,7026,SENIGALLIA (H. Patrizia)
3677,7027,SENIGALLIA (Videonolo)
4054,7028,SENIGALLIA (Clinica Veterinaria)
3985,7029,SENIGALLIA (Scalo Merci)
4022,7030,SENIGALLIA (Chiesa Pace)
3880,7031,SENIGALLIA (Via Zanella)
4023,7032,SENIGALLIA (Casa BIANCA)
3652,7033,SENIGALLIA (Toyota)
3881,7034,SENIGALLIA (Villa Torlonia)
3653,7035,SENIGALLIA (Centro Recuperi)
4188,7036,SENIGALLIA (Distributore IP)
4189,7037,SENIGALLIA (Forno Adriatico)
3714,7038,SENIGALLIA ( Ex Fonderia)
4104,7039,SENIGALLIA ( Sottopasso)
4105,7040,SENIGALLIA ( Sottopasso)
3654,7041,SENIGALLIA (Giò Caravan)
3715,7042,SENIGALLIA (Giò Caravan)
3796,7043,SENIGALLIA ( Bar Uliassi)
4190,7044,SENIGALLIA ( Bar Uliassi)
3962,7045,SENIGALLIA ( Sottopasso Cesano)
3797,7046,SENIGALLIA ( Chiesa Cesano)
4106,7047,SENIGALLIA ( Iper Coop)
3798,7048,Via Bramante
3963,7049,SENIGALLIA ( Via U. Giordano)
3882,7050,SENIGALLIA (Via Verdi Tabacchi)
4107,7051,SENIGALLIA (Via Verdi Montello)
3964,7053,MONTEMARCIANO (Marcianella L. Mare)
4108,7054,MARZOCCHETTA (L. Mare)
3883,7055,Marzocca (Colonia)
3965,7057,MARZOCCA (Stazione L.Mare
4109,7058,MARZOCCA ( L. Mare Rimessaggio)
3966,7059,MARZOCCA (H Lory)
3655,7060,MARZOCCA (Lido Finanza)
3656,7061,MARZOCCA (C. Cortina)
3967,7062,SENIGALLIA ( Casello 182)
4025,7063,SENIGALLIA ( C. Spiag. Velluto)
4191,7064,SENIGALLIA (H.Ambasciatori)
4026,7065,SENIGALLIA (H. Diana)
4027,7066,SENIGALLIA (Solarium)
4110,7067,SENIGALLIA (Luna Rossa)
4028,7068,SENIGALLIA (H. Roma)
3799,7069,SENIGALLIA (H. Metropol)
3890,7070,SENIGALLIA (Gabriella)
3806,7073,MONTIGNANO (Centro)
4115,7075,MONTIGNANO (Villanova)
3807,7076,MONTIGNANO (Grancetta)
4116,7077,MONTEMARCIANO (Il Gelso)
4035,7078,MARCIANELLA
4117,7079,MARZOCCA (P. zza Cameranesi)
4200,7080,MONTIGNANO (Cimitero)
3973,7081,MONTIGNANO (Incr. la Torre)
4201,7082,CASTELLARO
3808,7083,CASTELLARO (Chiesetta)
4036,7084,CASTELLARO (Centro)
3891,7085,SENIGALLIA (Metropol)
3724,7086,SENIGALLIA (H. Roma)
4118,7087,SENIGALLIA (Circolo Ciarnin)
4119,7088,SENIGALLIA (Solarium)
3809,7089,SENIGALLIA (H. Diana)
4037,7090,SENIGALLIA (H.Ambasciatori)
3974,7091,SENIGALLIA ( C. Spiag. Velluto)
3892,7092,SENIGALLIA ( Casello 182)
3667,7093,MARZOCCA (C. Cortina)
3975,7094,MARZOCCA (Lido Finanza)
3893,7095,MARZOCCA (H Lory)
4120,7096,MARZOCCA ( L. Mare Rimessaggio)
4121,7097,MARZOCCA (H. Rex)
3668,7098,MARZOCCA (Colonia)
4038,7099,MARZOCCHETTA (L. Ferrovia)
4202,7100,Marzocca ( Stadio)
3976,7101,FLETTO (Chiesa)
3894,7102,FANO (Snam Progetti)
4203,7104,Senigallia (Mc. Donald)
4039,7105,SENIGALLIA (Staz. F.S. Interno)
4204,7106,MONTALE (Passo)
3896,7107,MONTALE (Passo)
3897,7108,MONTALE (Fontanelle)
4040,7109,MONTALE (Fontanelle)
4041,7110,OSTERIA (Incr. Via Busseto)
3725,7111,OSTERIA (Incr. Via Busseto)
3726,7112,OSTERIA (Colonnetta)
4122,7113,OSTERIA (Colonnetta)
3727,7114,SERRA DE CONTI (Lord Flex)
3669,7115,SERRA DE CONTI (Lord Flex)
4205,7116,BARBARA (Passo S. Antonio)
4206,7117,BARBARA (Passo S. Antonio)
3810,7118,OSTRA VETERE (Fonderia)
3898,7119,OSTRA VETERE (Fonderia)
3811,7120,OSTRA VETERE (Biv. Jesi)
4042,7121,OSTRA VETERE (Biv. Jesi)
3899,7122,PONGELLI
3670,7123,PONGELLI
3977,7124,PONGELLI (Boscareto)
4043,7125,PONGELLI (Boscareto)
4123,7126,PIANELLO (Centro)
3812,7127,PIANELLO (Centro)
3813,7128,PIANELLO (Valmisa)
3978,7129,PIANELLO (Valmisa)
3742,7130,CASINE
3678,7131,CASINE
4055,7132,CASINE C M S
4056,7133,CASINE (Mobilificio)
3679,7134,BETTOLELLE (Megà)
3615,7135,BETTOLELLE (Megà)
3743,7136,BETTOLELLE (Centro)
4128,7137,BETTOLELLE (Centro)
4129,7138,VALLONE (Idea Oggetto)
3986,7139,VALLONE (Idea Oggetto)
3916,7140,VALLONE (Centro)
4057,7141,VALLONE (Centro)
3744,7142,BORGO PASSERA
4058,7143,BORGO PASSERA
4059,7144,BORGO BICCHIA
3680,7145,BORGO BICCHIA
3745,7146,BORGO MULINO
4130,7147,SENIGALLIA (Mc. Donald)
4060,7148,SENIGALLIA (Oviesse)
4061,7149,OSTERIA (Chiesetta)
3832,7150,BARBARA (Cimitero)
3987,7151,BARBARA (Cimitero)
4062,7152,OSTRA VETERE (Contrada Brancasecca)
4131,7153,OSTRA VETERE (Contrada Brancasecca)
4132,7154,OSTRA VETERE (Campo Sportivo)
3681,7155,OSTRA VETERE (Campo Sportivo)
3682,7156,OSTRA VETERE (Carabinieri)
3833,7157,OSTRA VETERE (Carabinieri)
3616,7158,OSTRA VETERE (Centro)
3746,7159,OSTRA VETERE (Centro)
3683,7160,OSTRA VETERE (Centro Commerciale)
3617,7161,OSTRA VETERE (Centro Commerciale)
4063,7162,OSTRA VETERE (Scuola Guida)
3747,7163,OSTRA VETERE (Scuola Guida)
4133,7164,OSTRA VETERE (Veterinario)
4064,7165,OSTRA VETERE (Veterinario)
3834,7166,OSTRA VETERE (S. Severo)
4134,7167,OSTRA VETERE (S. Severo)
4065,7168,OSTRA VETERE (Mannarini)
3988,7169,OSTRA VETERE (Mannarini)
3658,7170,SENIGALLIA (H. Senigallia)
3969,7171,SENIGALLIA (Ponte Rosso)
4194,7172,SENIGALLIA (H. Sirena)
3659,7173,MONTIGNANO (Via Villanova)
4030,7174,SENIGALLIA (H. Italia)
4112,7175,SENIGALLIA (H. Majestic)
4113,7176,SENIGALLIA (H. Ritz)
4031,7177,SENIGALLIA (ENEL Colonie)
3970,7178,OSTRA (Via Ulivi)
4195,7179,OSTRA (Via Ulivi)
3801,7180,OSTRA (S.M.Apparve)
4196,7181,OSTRA (S.M.Apparve)
3660,7182,CASINE (Banca)
3718,7183,CASINE (Banca)
3661,7184,MARCIANELLA (Lungo Mare)
4197,7185,MARINA (Rist. la Plaia)
4032,7186,MARINA (Rist. la Plaia)
3720,7189,MARINA (Tabaccaio)
3886,7190,MARINA (Tabaccaio)
3971,7191,MARINA (Cap Urbano Senigallia)
3802,7192,MARINA (Cap Urbano Senigallia)
3887,7193,VACCARILE (Bivio)
3721,7194,VACCARILE (Bivio)
3662,7195,BELVEDERE (Biv. Montecarotto)
3888,7196,BELVEDERE (Biv. Montecarotto)
3663,7197,JESI (Acquasanta)
3722,7198,JESI (Acquasanta)
3723,7199,OSTRAVETERE (Frati)
4199,7200,OSTRAVETERE (Frati)
3803,7201,CORINALDO (Passo O.Vetere)
3804,7202,CORINALDO (Passo O.Vetere)
3664,7203,CORINALDO (Piani D' Appresso)
3665,7204,CORINALDO (Passo Burello)
3805,7205,CORINALDO (Passo Burello)
4033,7206,CORINALDO (Ex Peppina)
4034,7207,CORINALDO (Passo Nevola)
3666,7208,CORINALDO (Passo Nevola)
3889,7209,CORINALDO (Via Murata)
3783,7210,CORINALDO (Via Murata)
4013,7211,CORINALDO (Capolinea)
3950,7212,CORINALDO (Edilizia)
4175,7213,CORINALDO (Edilizia)
3647,7214,CORINALDO (Borgo di Sotto)
3784,7215,CORINALDO (Borgo di Sotto)
3951,7216,CORINALDO (Ospedale)
4176,7217,CORINALDO (ACLI)
3872,7218,CORINALDO (Antonelli)
3785,7219,CORINALDO (Antonelli)
4177,7220,CORINALDO (Incr. Frati)
4094,7221,CORINALDO (Incr. Frati)
4095,7222,CORINALDO (Incr. S.Michele)
3648,7223,CORINALDO (Incr. S.Michele)
3952,7224,CORINALDO (Zipa)
3953,7225,CORINALDO (Zipa)
4178,7226,S.FILIPPO
3710,7227,S.FILIPPO
3786,7228,CORINALDO (Metano)
3954,7229,Via Corinaldese - distributore
3955,7230,PONTE LUCERTA
4096,7231,PONTE LUCERTA
4097,7232,PASSO RIPE
4179,7233,PASSO RIPE
4014,7234,PASSO RIPE (Fornaci)
3787,7235,PASSO RIPE (Fornaci)
4180,7236,PASSO RIPE (Belogi)
4015,7237,PASSO RIPE (Belogi)
3711,7238,BRUGNETTO ALTO (Figurina)
4181,7239,BRUGNETTO ALTO (Figurina)
3873,7240,BRUGNETTO  (Zona Industriale)
4098,7241,BRUGNETTO  (Zona Industriale)
3956,7242,BRUGNETTO  (Centro)
4099,7243,BRUGNETTO  (Centro)
3788,7244,BRUGNETTO  (Croce)
3874,7245,BRUGNETTO  (Croce)
3712,7246,BRUGNETTO  (Mandolini)
4016,7247,BRUGNETTO  (Mandolini)
4017,7248,CANNELLA
4182,7249,CANNELLA
3957,7250,CANNELLA (Dico)
3958,7251,CANNELLA (Dico)
3959,7252,BORGO CATENA
3789,7253,BORGO CATENA
3875,7254,BORGO RIBECA
4183,7255,BORGO RIBECA
4018,7256,BORGO CORTELLONE
4184,7257,BORGO CORTELLONE
4019,7258,SENIGALLIA (Ospedale)
3876,7259,SENIGALLIA (Ospedale)
3790,7260,CASTELLEONE (Pasticceria)
4020,7261,CASTELLEONE (Pasticceria)
3791,7262,CORINALDO (Santa Maria)
3960,7263,CORINALDO (Santa Maria)
3649,7264,CORINALDO (San. Bartolo)
3713,7265,CORINALDO (San. Bartolo)
3792,7266,CORINALDO (Pompili)
3650,7267,CORINALDO (Pompili)
3793,7268,CORINALDO (Cappuccini)
4100,7269,CORINALDO (Cappuccini)
3651,7270,CORINALDO (Cimitero)
3794,7271,CORINALDO (Cimitero)
4185,7272,CORINALDO (Str: del Fosso)
3961,7273,CORINALDO (Str: del Fosso)
4101,7274,CORINALDO (Via Ville)
4102,7275,CORINALDO (Via Ville)
4021,7276,CORINALDO (Vincareto)
3877,7277,CORINALDO (Vincareto)
4103,7278,CORINALDO (Via Olmi Grandi)
3795,7279,CORINALDO (Via Olmi Grandi)
3917,7280,CORINALDO (VillaBrunori)
3989,7281,CORINALDO (VillaBrunori)
4066,7282,MONTERADO (San Bartolo)
3684,7283,MONTERADO (San Bartolo)
3918,7284,MONTERADO (Campo Sportivo)
4498,7285,Borgo Passera - Marmi
4135,7286,MONTERADO (Centro)
3685,7287,MONTERADO (Campo Sportivo)
4067,7288,MONTERADO (Incr. V.Gramsci)
3835,7289,CASTELCOLONNA (Biv. Corinaldo)
4068,7290,CASTELCOLONNA (Biv. Corinaldo)
4136,7291,CASTELCOLONNA (Croce)
3686,7292,CASTELCOLONNA (Croce)
3836,7293,CASTELCOLONNA (Cimitero)
3837,7294,CASTELCOLONNA (Cimitero)
4137,7295,CASTELCOLONNA (Centro)
3748,7296,CASTELCOLONNA (Centro)
3990,7297,CASTELCOLONNA (Campo Sportivo)
3991,7298,CASTELCOLONNA (Campo Sportivo)
3838,7299,RIPE (Centro)
3839,7300,RIPE (Centro)
3618,7301,RIPE (Poste)
3992,7302,RIPE (Poste)
4069,7303,RIPE (Cimitero)
4138,7304,RIPE (Cimitero)
3840,7305,Contrada Santa Lucia
3993,7306,Contrada Santa Lucia
4070,7308,Via Sant'Isidoro
3619,7309,Costa Dei Riccardi
3749,7310,Via Montignano
3750,7311,Via Montignano
3620,7313,Via Santa Marina
3751,7314,Via Martuccia
3921,7315,RONCITELLI (Campo Sportivo)
4139,7316,RONCITELLI (Campo Sportivo)
3841,7317,RONCITELLI (Centro)
3621,7318,RONCITELLI (Centro)
3922,7319,RONCITELLI (Posta)
3923,7320,RONCITELLI (Posta)
3622,7321,RONCITELLI (Com. Cannella)
3994,7322,RONCITELLI (Com. Cannella)
4071,7323,RONCITELLI (Incr. Moroso)
4140,7324,RONCITELLI (Incr. Moroso)
3623,7325,RONCITELLI (Linea Verde)
3924,7326,RONCITELLI (Linea Verde)
3925,7327,MONTERADO (Bosco)
3687,7328,MONTERADO (Bosco)
4141,7329,CASTELLEONE (Zona Industriale)
3752,7330,CASTELLEONE (Zona Industriale)
3926,7331,CASTELLEONE (Pian Volpello)
3624,7332,CASTELLEONE (Pian Volpello)
3625,7333,CORINALDO (S.Isidoro 1°)
3842,7334,CORINALDO (S.Isidoro 1°)
3843,7335,CORINALDO (S.Isidoro)
3753,7336,CORINALDO (S.Isidoro)
4142,7337,CORINALDO (Biv. S.Isidoro)
3927,7338,CORINALDO (Biv. S.Isidoro)
4143,7339,CORINALDO (Lanterna Azzurra)
4144,7340,CORINALDO (Lanterna Azzurra)
4072,7341,MADONNA DEL PIANO
3995,7342,MADONNA DEL PIANO
4145,7343,MADONNA DEL PIANO (Scuola)
3754,7344,MADONNA DEL PIANO (Scuola)
4073,7345,MADONNA DEL PIANO (Seconda)
3688,7346,MADONNA DEL PIANO (Seconda)
3928,7347,MONTERADO (Bosco 2)
4074,7348,MONTERADO (Bosco 2)
3755,7349,BRUCIATA
3671,7350,BRUCIATA
3979,7351,BRUCIATA (Snoopy)
3900,7352,BRUCIATA (Snoopy)
3901,7353,BRUCIATA (Numero 2)
3728,7354,BRUCIATA (Numero 2)
4044,7355,RIPALTA
3672,7356,RIPALTA
4045,7357,SAN GINESIO
3980,7358,SAN GINESIO
3673,7359,SENIGALLIA (Opera Pia)
3902,7360,SENIGALLIA Via Mameli (Darsena)
4124,7361,SENIGALLIA Via Mameli (Darsena)
3729,7362,Via Mameli (H. Delfino)
3814,7363,Via Mameli (H. Delfino)
4125,7364,Via Mameli (H. Bologna)
3730,7365,Via Mameli (H. Bologna)
3815,7366,Via Mameli (Incr. Via Zanella)
3816,7367,Via Mameli - Sottopasso Via Zanella
4207,7368,Via Mameli (Faro Bar)
3903,7369,Via Mameli (Faro Bar)
3817,7370,Via Mameli (Rist.Lampara)
3731,7371,Via Mameli (Rist.Lampara)
3732,7372,Via Mameli (Rist.Gatto e la Volpe)
3733,7373,Via Mameli (Rist.Gatto e la Volpe)
3674,7374,Via Mameli (Cesanella)
3734,7375,Via Mameli (Cesanella)
3904,7376,Via Mameli
3735,7377,Via Mameli
3905,7378,Via Mameli (H.Galli)
4208,7379,Via Mameli (H.Galli)
3906,7380,Via Mameli (H.Ancora)
4209,7381,Via Mameli (H.Ancora)
3818,7382,Via Mameli (12)
4210,7383,Via Mameli (12)
3907,7384,Via Mameli (Residence della Rovere)
3819,7386,Via Mameli (Sc. Elementare Cesano)
3820,7387,Via Mameli (Sc. Elementare Cesano)
3908,7388,CESANO (Mare Cap.)
4046,7389,SENIGALLIA (Rossini)
4047,7390,SENIGALLIA (H. Patrizia)
3909,7391,SENIGALLIA (Cityper)
4211,7392,Via San Mommeo
3821,7394,Viale Dei Pini
4212,7395,Borgo Passera - 105
4213,7396,VIALE DEI PINI (2)
4214,7398,VIA ROVERETO
4048,7399,Via Sant' Isidoro
3736,7400,VIA GERANI (Coop)
4049,7401,VIA GERANI (Scuole Rodari)
3737,7402,VIA GERANI (Piscina)
4215,7403,Via San Mommeo
4127,7404,VIA G.GALILEI (Pedonale S.M. Goretti)
3822,7405,VIA G.GALILEI (Pedonale S.M. Goretti)
3982,7406,CIARNIN (Chiesa)
3910,7407,VIA COPERNICO 1
3983,7408,VIA COPERNICO 2
3911,7409,Strada della Bruciata
4050,7411,Via San Pietro
3823,7412,Via Sant' Isidoro
4051,7413,Via Cellini
4052,7414,Via  Cellini
4216,7416,VIA PIERELLI
3825,7418,VIA MOLINELLO
3913,7419,VIA MOLINELLO
3984,7420,VIA MATTEI
3826,7421,VIA MATTEI
3827,7422,VIA GUERCINO
3828,7423,VIA GIOTTO CAP.
4053,7426,VIA  BOTTICELLI
3829,7427,VIA U. GIORDANO
3915,7428,SENIGALLIA (Cimitero Alto)
3830,7429,CIMITERO (Basso)
3689,7430,Strada della Bruciata
3626,7431,Via Bruciata Inc. Molinello
3996,7432,Strada dei castelli
3844,7434,Strada del Cavallo (Frantoio)
3997,7435,Strada del Cavallo (Frantoio)
4075,7436,MANDRIOLA
3757,7437,MANDRIOLA
3998,7438,BORGO MARZI
3845,7439,BORGO MARZI
4146,7440,BORGO MARZI (Centro)
3627,7441,BORGO MARZI (Centro)
3758,7442,SANT'ANGELO (Chiesa)
3846,7443,RONCITELLI (Mulino)
4076,7444,RONCITELLI (Mulino)
3690,7445,SCAPEZZANO (Str. Donnella)
3628,7446,SCAPEZZANO (Str. Donnella)
3847,7447,SCAPEZZANO (Incr.Molinetto)
3691,7448,SCAPEZZANO (Incr.Molinetto)
3759,7449,SCAPEZZANO (Centro)
4147,7450,SCAPEZZANO (Centro)
4077,7451,SCAPEZZANO (Shalimar)
4078,7452,SCAPEZZANO (Shalimar)
3848,7453,SENIGALLIA (Passo Cimitero)
3629,7454,SENIGALLIA (Passo Cimitero)
4079,7455,BORGO CATENA 1
3760,7456,BORGO CATENA 1
3761,7457,BORGO CATENA (Golden Gas)
3849,7458,BORGO CATENA (Golden Gas)
3929,7460,VALLONE (Str: Chiusa)
3850,7462,VALLONE (In Grande)
3930,7463,VALLONE (Piazza)
3851,7464,VALLONE (Tennis)
3932,7466,SENIGALLIA (Str: MISA)
3933,7470,BETTOLELLE (C.Sociale)
3934,7471,SENIGALLIA (Benvivere)
4149,7472,SENIGALLIA (Benvivere)
4150,7473,MARZOCCA (H.Atlantic)
3692,7474,MARZOCCA (H.Atlantic)
4222,7475,Via Molinello 15-22
4221,7476,CESANELLA - Saccaria
4333,7477,MARCIANELLA
4337,7478,GELSO
4334,7479,MONTIGNANO (Grancetta)
4335,7480,MONTIGNANO (Villanova)
4336,7481,MONTIGNANO (Villanova)2
4332,7482,MONTIGNANO (Piazza)
4381,7483,SENIGALLIA CAMPUS
4374,7484,SENIGALLIA VIA LEOPARDI
4379,7485,VIA CAMPO S. VECCHIO ( OSP )
4375,7486,VIA CAMPO S. VECCHIA 2
4376,7487,VIA SCALZADONNE ( INCROCIO )
4384,7488,VIA DEI CASTELLI
4377,7489,VIA DEI CASTELLI ( 2 )
4382,7490,FANO STAZIONE F.S.
4513,7491,SENIGALLIA VIA CUPETTA (A.Moro)
4536,7492,STRADA COM. RONCITELLI
4542,7493,STRADA COM. RONCITELLI
4641,7494,S.P.14 (Km.20)
4619,7495,S.P.14 (Km.20)
4620,7497,Contrada Barocco
4634,7498,Contrada Barocco
4639,7499,Contrada Molino
4642,7500,Contrada Molino
4643,7501,Via Del Montale
4625,7502,Via Del Montale
4635,7503,CORINALDO (V. S. Maria)
4632,7505,Via Olmigrandi
4614,7506,Via lmigrandi
4550,7507,Via Nevola
4549,7508,Via Nevola
4651,7510,Via Bruciata Inc.Molinello
4660,7514,Provinciale Corinaldese
4662,7517,Via B. Cellini
4646,7518,Via B. Cellini
4655,7519,Via Abbagnano Multiplex
4657,7520,Viale dei Gerani
4648,7525,Lungomare Italia
4663,7526,Lungomare Italia
4681,7528,Via Acquasanta
4672,7529,Via Acquasanta
3738,7685,Via Mameli (Residence della Rovere)
4468,7686,S.S. Arceviese
4493,7687,S.S. Arceviese
4523,7688,MONTIGNANO - Cimitero
4597,7689,SCUOLA ELEMENTARE VALLONE
4600,7690,STRADA DELLA PASSERA
4605,7691,MULINO MARAZZANA
4599,7694,BRUGNETTO (Via del Moroso)
4601,7695,VALLONE VIA CROCEFISSO
4595,7696,STRADA DELLA BENEDETTA
4590,7697,SENIGALLIA (Borgo Mulino)
4591,7698,SENIGALLIA (Sc. Leopardi)
4587,7699,Sc. ELEMENTARE CESANELLA
4594,7700,SCUOLE MERCANTINI
4602,7701,SCUOLE MERCANTINI (Entrata)
4627,7703,Via Corinaldese
4616,7704,Via Corinaldese
4623,7705,Via Santa Maria
4628,7706,Via Santa Maria
4637,7707,Via Santa Croce
4615,7708,Via Santa Croce
4840,7709,Viale dei Pini
4847,7712,Via Campo strada Vecchia
3390,8000,TAVERNELLE (Cimitero)
2781,8001,ANCONA (Stadio Conero)
3039,8002,ANCONA (Stadio Conero).
3040,8003,ANCONA (Traversa)
3391,8004,ANCONA (Traversa).
3157,8005,ANCONA (Angeli)
3158,8006,ANCONA (Angeli).
2673,8007,CAMERANO (Agriturismo Giuggiola)
2782,8008,CAMERANO (Agriturismo Giuggiola).
2674,8009,CAMERANO (Boranica)
3159,8010,CAMERANO (Boranica).
3041,8011,CAMERANO (Villa Boari)
2911,8012,CAMERANO (Villa Boari).
3042,8013,CAMERANO (Fontanelle)
2675,8014,CAMERANO (Fontanelle).
3043,8015,CAMERANO (Opera Pia Ceci)
2783,8016,CAMERANO (Centro)
3275,8017,CAMERANO (V. Repubblica)
3499,8018,CAMERANO (Stadio)
3392,8019,CAMERANO (Stadio).
2912,8020,CAMERANO (Distr. AVIA)
2913,8021,CAMERANO (Cap 2).
3276,8022,CAMERANO (Case Popolari)
2914,8023,CAMERANO (Finestre Rosse)
3277,8024,CAMERANO (Finestre Rosse).
3278,8025,CAMERANO (Colle Lauro)
3160,8026,CAMERANO (Colle Lauro).
2915,8027,COPPO ( Golf)
2784,8028,COPPO (Golf).
2676,8029,COPPO ( Centro)
2916,8030,COPPO ( Centro).
3393,8031,COPPO ( Ex Busco)
2917,8032,COPPO ( Ex Busco).
3279,8033,COPPO ( Fiat)
2785,8034,COPPO ( Fiat).
2677,8035,SIROLO (Consorzio)
3500,8036,SIROLO (Consorzio).
3044,8037,SIROLO (Via Ulivo)
3501,8038,SIROLO (Via Ulivo).
2918,8039,SIROLO (Via Ulivo C. Bianca)
2678,8040,SIROLO (Via Ulivo C. Bianca).
3280,8041,SIROLO (San Lorenzo)
3161,8042,SIROLO (Vigne)
2786,8043,SIROLO (Vigne).
3281,8044,SIROLO (Incr. Via S. Antonio)
2919,8045,SIROLO (Incr. Via S. Antonio).
2787,8046,SIROLO (Municipio)
3502,8047,SIROLO (Centro)
3162,8048,SIROLO (Farmacia)
2788,8049,SIROLO (Scuole Medie)
3503,8050,NUMANA (Capolinea-Parcheggi)
3163,8051,NUMANA (Capolinea-Parcheggi).
2789,8052,NUMANA (Pescheria)
2679,8053,NUMANA (Pescheria).
3282,8054,NUMANA (Porto)
3504,8055,NUMANA (Porto).
3394,8056,NUMANA (Bagno Eugenio)
2790,8057,NUMANA (Bagno Eugenio).
2791,8058,NUMANA (Casa Bianca)
3164,8059,NUMANA (Casa Bianca).
3283,8060,MARCELLI (H. Palace Cap. Taunus)
3284,8061,MARCELLI(Hotel Palace).
3505,8062,MARCELLI (Le Querce)
3165,8064,"MARCELLI (Via Bologna, incrocio Via Venezia)"
3395,8065,MARCELLI (S. Cristiana)
3396,8066,MARCELLI (Cap. S. Cristiana).
2920,8067,MARCELLI (Libeccio)
3045,8068,MARCELLI (Libeccio)
3507,8069,MARCELLI (Numana Blù)
2975,8070,MARCELLI (Numana Blù).
3323,8071,PORTO RECANATI (Bellamare)
2856,8072,PORTO RECANATI (Bellamare).
3324,8073,PORTO RECANATI (Medusa)
2722,8074,PORTO RECANATI (Medusa)
3442,8075,PORTO RECANATI (Aragosta)
3106,8076,PORTO RECANATI (Aragosta).
2976,8077,PORTO RECANATI (Acropoli)
3209,8078,PORTO RECANATI (Acropoli).
3107,8079,PORTO RECANATI (La Playa)
3443,8080,PORTO RECANATI (La Playa)
2723,8081,PORTORECANATI (Rot.Montorso)
3444,8082,PORTORECANATI (Incr. Montorso).
2724,8083,PORTO RECANATI (Sottopasso)
3445,8084,PORTO RECANATI (Capolinea)
3210,8085,PORTO RECANATI (Municipio)
3211,8086,PORTO RECANATI (Mondial)
2610,8087,PORTO RECANATI (Green)
2857,8088,MARCELLI (Via Venezia)
3108,8089,MARCELLI (Rist.Angolo)
3109,8090,SIROLO (Via Peschiera)
2858,8091,SIROLO (Green Garden)
3212,8092,SIROLO (Via Cilea 1)
3325,8093,SIROLO (Centro)
2977,8094,CAMERANO (Forno)
2725,8095,CAMERANO (V.le Ceci)
3213,8096,Camerano (Opera Pia Ceci).
3214,8097,ANCONA (Tavernelle).
3326,8098,Via Frazione Varano
2859,8099,MARCELLI (Poggio del Sole)
3215,8100,SVARCHI (Scuole)
2860,8101,SVARCHI (Bassi)
2611,8102,SVARCHI (Alti)
3446,8103,SVARCHI (Acli)
3447,8104,TAUNUS (2)
3110,8105,TAUNUS (Piscine)
2861,8106,TAUNUS (Supermercato)
2726,8107,MARCELLI (Bivio Nembrini)
2727,8108,MARCELLI (Bivio Nembrini).
3327,8109,MARCELLI (Zona Ind. Cian)
3216,8110,MARCELLI (Zona Ind. Cian).
3111,8111,MARCELLI (Incr. SS. 16)
2612,8112,"CROCETTE (Via Murri, 45)"
3328,8113,CASTELFIDARDO (Monumento)
2728,8114,SVARCHI (Scuole)
3217,8115,MARCELLI (Poggio del Sole).
2978,8116,MERANO (Doffi)
2613,8117,CAMERANO (Via Osimana)
3448,8118,CAMERANO (Recar)
3112,8119,CAMERANO (Recar).
3329,8120,OSIMO STAZIONE (Stadio)
2614,8121,OSIMO STAZIONE (Stadio):
3330,8122,OSIMO STAZIONE (Direttissima Conero)
2729,8123,OSIMO STAZIONE (Direttissima Conero).
2862,8124,CAMERANO (Gatto)
3331,8125,CAMERANO (Gatto).
3332,8126,CAMERANO (Concio 1)
3449,8127,CAMERANO (Concio 1).
3218,8128,CAMERANO (Concio 2)
3219,8129,CAMERANO (Concio 2).
3113,8130,CAMERANO (Concio 3)
2863,8131,CAMERANO (Concio 3).
2979,8132,CAMERANO (Via Osimana)
3450,8133,SIROLO (Fonte d'Olio)
3333,8134,SIROLO (Fonte d'Olio)
2615,8135,SIROLO (Domenella)
3220,8136,SIROLO (Domenella).
4462,8139,Via C. Colombo
4559,8141,Via Lauretana
4561,8142,C.San Vittore
4565,8143,PORTORECANATI ( V. Del Sole )
4566,8144,PORTORECANATI ( V. del Sole )
4626,8145,Via Frazione Varano
4621,8146,Via Loretana
4622,8147,Via Loretana
4644,8148,Via Loretana
4636,8149,Via Loretana
4957,8152,Via Bocconi
5120,8154,SIROLO (Municipio)
4960,8155,"Sirolo (Via Cilea, direzione Marcelli)"
5121,8156,via Peschiera (Green Garden direzione Marcelli)
3613,9000,OSIMO ( Villino Rosso)
3571,9001,OSIMO (Villino Rosso)
3606,9003,OSIMO (Villino Verde)
3600,9004,CASTELFIDARDO (Crocifisso)
3607,9005,CASTELFIDARDO (Banca Toscana)
3608,9006,"CASTELFIDARDO (Via Buozzi, 4)"
3579,9007,"CASTELFIDARDO (Via Bramante, 2)"
3609,9008,RECANATI (Squartabue)
4459,9010,S.ROCCHETTO LENIN
4504,9011,CASTELFIDARDO (HOTEL PARCO)
4480,9012,CASTELFIDARDO (Via Gobetti)
4473,9013,CASTELFIDARDO (P.le Don Miliani)
4499,9014,CASTELFIDARDO (Via Brodolini)
4520,9015,"CASTELFIDARDO (Via Cadorna, 55)"
4505,9016,"CASTELFIDARDO (Via Cadorna, 35)"
4469,9018,"CASTELFIDARDO (Via Cairoli, 12A)"
4500,9019,"CASTELFIDARDO (Via Cairoli, 48)"
4494,9020,CASTELFIDARDO (Via D. Chiesa dif. 31)
4487,9021,Via Jesina incr. Via Ho Chi Min
4506,9022,Via Jesina incr. Campograsso 1-5
4474,9023,Via Jesina dif. 18
4488,9024,"Via Che Guevara, 31"
4495,9025,"Via Che Guevara, 23"
4489,9026,"CASTELFIDARDO (Via D. Chiesa, 31)"
4481,9027,CASTELFIDARDO (Via Oberdan)
4475,9028,CASTELFIDARDO (Via Donizetti dif. H. Parco)
4501,9029,"CASTELFIDARDO (Via Ho Chi Min, 2)"
4496,9030,CASTELFIDARDO (Via Recanatese dif. 30)
4529,9031,"CASTELFIDARDO (Via U. La Malfa, 8)"
4525,9032,CASTELFIDARDO (Via D. Chiesa dif. 22)
4521,9033,"CASTELFIDARDO (Via D. Chiesa, 22)"
4530,9034,CASTELFIDARDO (Via Recanatese dif. 14)
4524,9035,Via Jesina (incr. via Campograsso)
4528,9036,"Via Jesina, 23"
4526,9037,Via Jesina dif. 30
5099,9038,"CASTELFIDARDO (Via Roma, 28)"
5097,9039,CASTELFIDARDO (Via N. Sauro Scuole)
5100,9040,"CASTELFIDARDO (Via Battisti, 2 mercato)"
5096,9041,"CASTELFIDARDO (Via Matteotti, 1)"
5108,9042,"Via Che Guevara, 11"
5101,9043,"Via Che Guevara, 9"
4951,19999,Piazza Cavour (Atma Linee Sud)
4950,20000,Piazza Cavour (Atma Linee Nord)
200,20001,Piazza Cavour (Conerobus Linee Nord)
201,20002,ANCONA (Piazza Roma)
202,20003,P.zza Kennedy - Porto
1097,20004,ANCONA (Traiano)
1098,20005,ANCONA (Archi)
203,20006,Stazione F.S. (Linee Nord)
204,20007,PALOMBELLA
1099,20008,PALOMBELLA  Ex Angelini)
1100,20009,PALOMBELLA (Disco)
1101,20010,BARACCOLA (Via Schiavoni - FIGC)
205,20011,TORRETTE (Centro)
206,20012,TORRETTE - Itis
1102,20013,COLLEAMENO M
1103,20014,VILLA ADRIA
1104,20015,Via Da Vinci - Scuole
1105,20016,COLLEMARINO (Piazza)
207,20017,Via Redi Collemarino
208,20018,COLLEMARINO - Capolinea
1106,20019,Via Da Vinci - Scuole
209,20020,PALOMBINA N. (Stazione).
1107,20021,PALOMBINA N. (Ist. Visentini).
210,20022,PALOMBINA V. (Centro).
1108,20023,FALCONARA (Caravella).
1109,20024,FALCONARA (Disco).
1110,20025,FALCONARA (Piattaforma).
211,20026,FALCONARA Stazione F.S
212,20027,FALCONARA Stazione F.S
1111,20028,FALCONARA (Piattaforma)
1112,20029,FALCONARA (Disco)
1113,20030,FALCONARA (Caravella)
213,20031,PALOMBINA V. (Centro)
1114,20032,PALOMBINA (Ist. Visentini)
214,20033,PALOMBINA N. (Uff. Postale).
1115,20034,PALOMBINA N. (Stazione).
215,20035,COLLEMARINO (Via Ricci Fefè)
1116,20036,VILLA ADRIA
1117,20037,TORRETTE (Colle Ameno)
216,20038,TORRETTE - Itis
217,20039,TORRETTE (Centro)
1118,20040,TORRETTE - LIDL
1119,20041,PALOMBELLA (Disco)
1120,20042,PALOMBELLA (Ex Angelini)
1121,20043,PALOMBELLA
218,20044,ANCONA (Stazione-Alberghi)
1122,20045,ANCONA (Via Marconi Gas)
1123,20046,ANCONA (Archi)
1124,20047,P.zza Kennedy - Porto
1092,20048,ANCONA (P.zza Roma)
219,20049,FALCONARA (Sottopassaggio).
1125,20050,VILLANOVA
1126,20051,Via Flaminia - Raffineria Api
1127,20052,FALCONARA (Fiume Esino)
1128,20053,FALCONARA (Fiume Esino Hotel)
1129,20054,PALOMBINA V. (Distributore)
1130,20055,FALCONARA (Officine).
1131,20056,FALCONARA (Ex Montedison).
1132,20057,MARINA (Rosita).
220,20058,MARINA  Pattinaggio
221,20059,MARINA (Via Platani).
1134,20061,MONTEMARCIANO (Via Selvettina)
222,20062,MARINA (Capolinea)
223,20063,MARINA (Fornaci).
224,20064,MARINA (Ponte Autostrada).
1135,20065,GABELLA (Inc. Via Imbrecciata)
225,20066,GABELLA (Semaforo).
1136,20067,GABELLA (Impianti Sportivi).
1137,20068,MONTEMARCIANO (Villa).
1138,20069,MONTEMARCIANO (Via M. Spirello)
1139,20070,ALBERICI  (Cimitero)
1140,20071,CASSIANO (ENEL)
226,20072,CASSIANO (Centro)
227,20073,GRUGNALETO (Centro)
1141,20074,S.VENERANDA (Bivio)
1142,20075,S.VENERANDA (Bivio-incr.V.Gualdo)
1143,20076,S.VENERANDA (Bivio-incr.V.Gualdo)
1144,20077,S.VENERANDA (Bivio)
228,20078,GRUGNALETO (Centro)
229,20079,CASSIANO (Centro)
1145,20080,CASSIANO (ENEL)
1146,20081,ALBERICI (Incrocio)
1147,20082,ALBERICI (Cimitero)
1148,20083,MONTEMARCIANO (Via M. Spirello)
1149,20084,COLLEMARINO CAVALCAVIA
230,20085,MONTEMARCIANO (Consorzio)
1153,20089,GABELLA (Impianti Sportivi)
1154,20090,GABELLA  (Semaforo)
1155,20091,GABELLA (Canile)
1156,20092,MARINA (Ponte Autostrada)
1157,20093,MARINA (Fornaci)
1158,20094,Viale dei Platani
231,20095,MARINA (Banca Marche)
1159,20096,FALCONARA (Ex Montedison)
1160,20097,FALCONARA (Officine).
1161,20098,PALOMBINA V. (Distributore)
1162,20099,FALCONARA (Hotel)
1163,20100,Via Flaminia - Raffineria Api
1165,20102,FALCONARA (Villanova)
1166,20103,FALCONARA (Sottopassaggio)
233,20104,Via del Mare
1167,20105,Via del Mare
234,20106,S.VENERANDA (Incrocio).
1168,20107,S.VENERANDA (Chiesa).
1169,20108,CASTELLARO.
1170,20109,CASTELLARO (Chiesa).
1171,20110,S.SILVESTRO (Seta).
1172,20111,S.SILVESTRO (incr. Strada dei Pioppi)
1173,20112,S.SILVESTRO
235,20113,S. SILVESTRO (Freccia Azzurra)
1174,20114,S.SILVESTRO (Chiesa)
1175,20115,S.SILVESTRO (Inc. Romana)
1176,20116,PANORAMICA (Bivio)
1177,20117,MONTEMARCIANO (Via Intercomunale)
1178,20118,GROTTINO (Case Romagnoli)
1179,20119,GROTTINO (Via Intercomunale)
1180,20120,FILETTO
1181,20121,FILETTO (Via Intercomunale)
1182,20122,FILETTO (Via Intercomunale-S.Giovanni)
1183,20123,OSTRA (S.Giovanni)
1184,20124,OSTRA (Tonelli)
1185,20125,OSTRA (ENEL)
1186,20126,OSTRA (Cimitero).
1187,20127,OSTRA  (Via A. Moro).
236,20128,OSTRA (Capolinea)
1188,20129,OSTRA (S. Giovanni)
1189,20130,OSTRA (Mulino)
1190,20131,OSTRA (Cimitero)
1191,20132,OSTRA (ENEL)
1192,20133,OSTRA (Tonelli)
1193,20134,OSTRA (S.Giovanni)
1194,20135,FILETTO (Via Intercomunale-S.Giovanni)
1195,20136,FILETTO (Via Intercomunale)
1196,20137,FILETTO
237,20138,GROTTINO
1197,20139,GROTTINO (Case Romagnoli)
1198,20140,MONTEMARCIANO (Via Intercomunale)
1199,20141,MONTE SOLAZZI
1200,20142,S.SILVESTRO (Via Romana)
1201,20143,S.SILVESTRO (Chiesa)
238,20144,S.SILVESTRO (Freccia Azzurra)
1202,20145,S.SILVESTRO
1203,20146,S.SILVESTRO (incr. Strada dei Pioppi)
1204,20147,S.SILVESTRO (Seta)
1205,20148,CASTELLARO (Chiesa)
1206,20149,MONTEMARCIANO (Via Castellaro)
1207,20150,S.VENERANDA (Chiesa)
239,20151,S.VENERANDA
1208,20152,FALCONARA (Tenda Verde)
1209,20153,CASE UNRRA (Orologio)
1210,20154,CASE UNRRA (Consorzio)
1211,20155,CASE UNRRA (Ex Lola)
1212,20156,CASTELFERRETTI (ISEA)
1213,20157,CASTELFERRETTI (Ponte)
1214,20158,CASTELFERRETTI (Via G. Bruno)
240,20159,CASTELFERRETTI (Centro).
1215,20160,CASTELFERRETTI (Via Mauri)
1216,20161,CASTELFERRETTI (Incr. Autostrada)
1217,20162,CHIARAVALLE (Metano)
1218,20163,CHIARAVALLE (Ponte Autostrada)
1219,20164,CHIARAVALLE (Raffaelli)
1220,20165,CHIARAVALLE (Via Gramsci)
1221,20166,MORRO D'ALBA (Cimitero)
1222,20167,MORRO D'ALBA (Cimitero)
241,20168,CHIARAVALLE (Via Verdi).
1223,20169,CHIARAVALLE (Croce Gialla)
1224,20170,CHIARAVALLE (V.Verdi Stadio)
1225,20171,CHIARAVALLE (Via Nagy)
1226,20172,"BARACCOLA (Via Albertini, 20)"
242,20173,CHIARAVALLE Capolinea
1227,20174,CHIARAVALLE (Bar Settebello)
1228,20175,CHIARAVALLE (Stadio-inc.V.Sacco e Vanzetti)
1229,20176,CHIARAVALLE (Croce Gialla)
1230,20177,CHIARAVALLE (Rotatoria)
1231,20178,CHIARAVALLE  (Via Saffi)
243,20179,"CHIARAVALLE (Via Circonvallazione, Farmacia Comuna"
1232,20180,CHIARAVALLE (Ponte)
1233,20181,CHIARAVALLE  (Metano)
1234,20182,CHIARAVALLE - Incr. Autostrada
244,20183,CASTELFERRETTI (Via Mauri)
245,20184,CASTELFERRETTI (Centro)
1235,20185,CASTELFERRETTI (Via G. Bruno)
1236,20186,CASTELFERRETTI (Ponte)
1237,20187,CASTELFERRETTI (ISEA)
1238,20188,CASE UNRRA (Ex Lola)
1239,20189,CASE UNRRA (Orologio)
1240,20190,Via Nagy
1241,20191,FALCONARA (Tenda Verde)
246,20192,FALCONARA - Via Bottego
1242,20193,CHIARAVALLE (Ospedale)
1243,20194,BORGHETTO (Tomassoni)
1244,20195,BORGHETTO (Bivio Jesi)
247,20196,BORGHETTO (Centro).
1245,20197,BORGHETTO (Pellicceria)
1246,20198,BORGHETTO (Rotatoria)
1247,20199,MONTE S. VITO (Croce)
249,20200,MONTE S.VITO (Centro).
1248,20201,MONTE S. VITO (Cimitero)
1249,20202,MONTE S. VITO (Santi Neri)
1250,20203,MONTE S. VITO (Santi Neri incr.V.Olivella)
1251,20204,SANTA LUCIA
1252,20205,SANTA LUCIA (Centro)
1253,20206,SANTA LUCIA (Cinti)
1254,20207,SANT' AMICO
1255,20208,SANT' AMICO (incr. C.da Maiolino)
1256,20209,MORRO D'ALBA (Calzaturificio)
250,20210,MORRO D'ALBA  (Capolinea).
1257,20211,MORRO D'ALBA (Carabinieri)
1258,20212,MORRO D'ALBA (Via Roma)
1259,20213,MORRO D'ALBA (Acquedotto)
1260,20214,SAN MARCELLO (Agriturist)
1261,20215,SAN MARCELLO (Cimitero)
251,20216,SAN MARCELLO (Centro)
1262,20217,SAN MARCELLO (Scuole)
1263,20218,MADONNA DEL SOLE
1264,20219,BELVEDERE (Cimitero)
1265,20220,BELVEDERE (Mobilificio)
1266,20221,BELVEDERE (V. G. Garibaldi)
1267,20222,BELVEDERE (Via Orti)
1268,20223,BELVEDERE (Via Orti)
252,20224,BELVEDERE (Capolinea)
1269,20225,BELVEDERE (V. G. Garibaldi)
1270,20226,BELVEDERE (carabinieri)
1271,20227,BELVEDERE (Cimitero)
1272,20228,MADONNA DEL SOLE
1273,20229,S.MARCELLO (Scuole)
1274,20230,S.MARCELLO (Agriturist)
1275,20231,MORRO D'ALBA (Acquedotto)
1276,20232,MORRO D'ALBA (Via Roma)
1277,20233,MORRO D'ALBA  (Consorzio)
253,20234,MORRO D'ALBA (Capolinea)
1278,20235,MORRO D'ALBA (Calzaturificio)
1279,20236,SANT' AMICO (incr. C.da Maiolino)
254,20237,SANT' AMICO
1280,20238,SANTA LUCIA (Cinti)
1281,20239,SANTA LUCIA (Centro)
1282,20240,SANTA LUCIA
1283,20241,MONTE S. VITO (Santi Neri incr.V.Olivella)
1284,20242,MONTE S. VITO (Santi Neri)
255,20243,MONTE.S.VITO (Cimitero)
256,20244,MONTE S.VITO (Centro)
1285,20245,MONTE S. VITO (Croce)
1286,20246,BORGHETTO (Rotatoria)
1287,20247,BORGHETTO (Pellicceria)
1288,20248,BORGHETTO (Bar)
1289,20249,BORGHETTO (Farmacia)
1290,20250,BORGHETTO (Bivio Jesi)
1291,20251,BORGHETTO (Tomassoni)
1292,20252,CHIARAVALLE (Ospedale)
1293,20253,CHIARAVALLE (Via Rosselli)
257,20254,CHIARAVALLE (V.le Vittoria)
258,20255,CHIARAVALLE (Manifattura Tabacchi)
1294,20256,CHIARAVALLE (Manifattura Tabacchi).
1295,20257,CHIARAVALLE (Cimitero)
1296,20258,CHIARAVALLE (Via s. Bernardo).
1297,20259,CHIARAVALLE (Via s. Bernardo incr. V.S.Bened.)
259,20260,GABELLA (Circolo)
260,20261,PANORAMICA
1298,20262,SANT'ANGELO (Moto Cross)
1299,20263,Filottrano via Grazie
261,20264,Via Europa
1300,20265,Via Che Guevara
1301,20266,SANT' ANGELO  (Esterno)
1302,20267,SENIGALLIA (Incr. Via Ferriero)
1303,20268,SENIGALLIA (Via Ferriero).
1304,20269,SENIGALLIA (Carrozziere)
1305,20270,SENIGALLA (Via Capanna)
1306,20271,SENIGALLIA (Bar Memè)
1307,20272,SENIGALLIA (Via IV Novembre)
262,20273,SENIGALLIA (Cap. Conerobus)
1308,20274,SENIGALLIA (Campus Scolastico)
1309,20275,SENIGALLIA (Bar Memè).
1310,20276,SENIGALLIA (Via Capanna).
1311,20277,SENIGALLIA (Carrozziere).
1312,20278,SENIGALLIA (Via Ferriero).
1313,20279,SENIGALLIA (Incr. Via Ferriero)
1314,20280,SANT' ANGELO  (Esterno)
1315,20281,SANT' ANGELO (Moto Cross).
263,20282,SENIGALLIA (Panoramica).
264,20283,GABELLA MONTE
1316,20284,CHIARAVALLE (Via s. Bernardo incr. V.S.Bened.)
1317,20285,CHIARAVALLE (Via S. Bernardo).
1318,20286,CHIARAVALLE (Cimitero).
1319,20287,CASE UNRRA (Farmacia)
265,20288,Cantiere Navale (Fincantieri)
266,20289,ANCONA (Stab. Angelini).
268,20291,FALCONARA (Via Matteotti)
269,20292,FALCONARA (Via Matteotti 19)
270,20293,FALCONARA (Via Matteotti 43)
271,20294,FALCONARA (Via Matteotti 52)
272,20295,FALCONARA (Via Matteotti 55)
273,20296,FALCONARA (Via Matteotti 77)
274,20297,FALCONARA  (Via Milano)
275,20298,FALCONARA (Via Milano 32)
1320,20299,Via Mazzini
277,20300,FALCONARA ALTA (Capolinea)
278,20301,FALCONARA (Via Costa Materna)
279,20302,FALCONARA (Via Costa)
280,20303,FALCONARA (Via Ville Chiesetta)
281,20304,FALCONARA (Via Ville 8)
282,20305,FALCONARA (Via Ville 24/a)
283,20306,Via Ville - C. Commerciale
284,20307,FALCONARA (Via Ville 56)
285,20308,FALCONARA (Via Sardegna 6)
286,20309,Via Sardegna
287,20310,FALCONARA (Via Calabria)
1321,20311,FALCONARA (Piemonte Tennis)
1322,20312,MARINA (Forno)
288,20313,FALCONARA (Centro Commerciale)
1323,20314,ABBADIA (Fontanelli)
1324,20315,Via Chiaravallese
1325,20316,FALCONARA (Via Leopardi Ex Ferraris)
289,20317,FALCONARA (Via Leopardi Giardini)
290,20319,FALCONARA (Via Italia 22)
1327,20320,FALCONARA (Via Italia Chiesa)
1328,20321,FALCONARA (Via Italia)
1329,20322,"CASTELFIDARDO (Via IV Novembre, 174)"
291,20323,FALCONARA (Via Piemonte 1)
292,20324,FALCONARA (Via Calabria 11)
293,20325,Via Sardegna
1330,20326,FALCONARA  (Via Sardegna 2)
1331,20327,Via Ville - C. Commerciale
294,20328,FALCONARA (Via Ville 19)
295,20329,FALCONARA (Via Ville 13/b/c)
296,20330,FALCONARA (Via Ville Chiesetta)
297,20331,FALCONARA (Via Mateotti-Volta)
298,20332,FALCONARA (Via Matteotti Enel)
299,20333,FALCONARA (Via Matteotti Comune)
300,20334,FALCONARA (Via Matteotti Giornali)
301,20335,Torrette Ospedale Re.Le
302,20336,Via Mattei - Cantieri Ferretti
303,20337,FALCONARA (Liceo Cambi)
1332,20338,AGUGLIANO (Circonvallazione)
1333,20339,PIANE (Mulino Americano)
1334,20340,PIANE (Distributore)
304,20342,PIANE (Via Foscolo)
1336,20343,CAMERATA  P. (Via Gramsci)
1337,20344,CAMERATA P. (Via Gramsci)
1338,20345,CAMERATA P.  (Chiesa)
305,20346,CAMERATA P. (Capolinea)
1339,20347,CAMERATA P. (Massi)
306,20349,GRANCETTA (Centro)
1341,20350,GRANCETTA (Scuole)
1342,20351,GRANCETTA (Porto)
1343,20352,GRANCETTA Scuole)
1344,20353,GRANCETTA (Inc. Autostrada)
1345,20354,GRANCETTA (Mercedes)
1346,20355,GRANCETTA (Cavalcavia)
1347,20356,GRANCETTA (Cavalcavia)
1348,20357,GRANCETTA (Porto)
307,20358,GRANCETTA (Centro)
1349,20359,CAMERATA P. (Via Collodi-Parco)
1350,20360,CAMERATA P. (Massi)
1351,20361,CAMERATA P. (Chiesa)
1352,20362,CAMERATA P. (Via Gramsci 2)
1353,20363,PIANE (Sfascia carrozze)
308,20364,PIANE (Incrocio)
309,20365,PIANE
1354,20366,PIANE (Distributore)
1355,20367,PIANE (Incr. V. del Molino)
310,20368,CASSERO (Centro)
311,20369,BORGHETTO DI M.S.VITO (Interno)
312,20370,TORRETTE (Via Conca).
1356,20371,TAGLIO
1357,20372,TAGLIO
313,20373,CASINE di PATERNO
1358,20374,CASINE (Ponte)
314,20375,CASINE di PATERNO (Centro).
1359,20376,CASINE di PATERNO (Biv.Paterno)
1360,20377,GALLIGNANO (Bivio)
1361,20378,AGUGLIANO (Biv. Caimmi)
1362,20379,AGUGLIANO (Stada Vallone)
1363,20380,Frazione Aspio
1364,20381,OFFAGNA (Via Montegallo)
315,20382,AGUGLIANO (Capolinea)
1365,20383,AGUGLIANO (Mulino)
1366,20384,AGUGLIANO (Monte Varino)
1367,20385,POLVERIGI (Quercia)
1368,20386,POLVERIGI (Valori)
1369,20387,POLVERIGI (Carrozzeria)
1370,20388,POLVERIGI (Ristorante Gigetto)
1371,20389,POLVERIGI (Teatro della Luna)
1372,20390,POLVERIGI  (Via Matteotti)
316,20391,POLVERIGI (Capolinea)
1373,20392,POLVERIGI (Via Marconi)
1374,20393,POLVERIGI (Marcellina)
1375,20394,POLVERIGI (Marcilliana)
317,20395,POLVERIGI (Biv. S. Vincenzo).
1376,20396,POLVERIGI (Minardi)
1377,20397,POLVERIGI (Incr. V.Mucciolina)
1378,20398,POLVERIGI (Fornaci)
1379,20399,RUSTICO (Baldi)
1380,20400,RUSTICO (Semaforo)
319,20401,RUSTICO
1381,20402,RUSTICO 18
1382,20403,RUSTICO (Verso S.M.Nuova)
320,20404,MONTI (Centro).
1383,20405,MONTI (Fornace)
1384,20406,COLLINA
321,20407,COLLINA (Centro).
1385,20408,COLLINA (Via Risorgimento)
1386,20409,S.MARIA NUOVA (Stadio)
1387,20410,S.MARIA NUOVA (Via Repubblica)
1388,20411,S.MARIA NUOVA (Via S. Francesco)
322,20412,S.MARIA NUOVA (Capolinea)
1389,20413,S.MARIA NUOVA (Torre)
1390,20414,S.MARIA DEL COLLE
1391,20415,JESI  (Fontanella)
1392,20416,JESI  (Biv. Cannuccia)
1393,20417,JESI  (Minonna)
1394,20418,JESI (Imp. Metano)
1395,20419,S.MARCELLO
323,20420,JESI (Autostazione)
324,20421,JESI - Via S. Giuseppe
1396,20422,MONTE S. VITO (Via M. Resistenza)
325,20423,V.le Vittoria - Ex Disco Rosso
1397,20424,JESI Viale Della Vittoria - Mercantini
1398,20425,JESI (Fonte di Gora)
1399,20426,S. MARIA DEL COLLE
1400,20427,S.MARIA NUOVA (Torre)
326,20428,S.MARIA NUOVA (Capolinea)
1401,20429,S.MARIA NUOVA (Via S.francesco)
1402,20430,S.MARIA NUOVA (Via Repubblica)
1403,20431,S.MARIA NUOVA (Stadio)
1404,20432,S.MARIA NUOVA (Inc. Via Amendola)
1405,20433,COLLINA (Via Risorgimento)
327,20434,COLLINA (Centro)
1406,20435,COLLINA
1407,20436,MONTI (Fornace)
328,20437,MONTI (Centro)
1408,20438,RUSTICO (Verso Polverigi)
1409,20439,RUSTICO
329,20440,RUSTICO (Centro)
1410,20441,RUSTICO (Semaforo)
1411,20442,RUSTICO (Baldi)
1412,20443,POLVERIGI (Fornaci)
1413,20444,POLVERIGI (Incr. V.Mucciolina)
1414,20445,POLVERIGI (Minardi)
330,20446,POLVERIGI (Bivio S. Vincenzo)
1415,20447,POLVERIGI (Marcilliana)
1416,20448,POLVERIGI (Marcellina)
1417,20449,POLVERIGI (Ristorante Gigetto)
1418,20450,POLVERIGI (Carrozzeria)
1419,20451,POLVERIGI (Valori)
1420,20452,POLVERIGI (Quercia)
1421,20453,AGUGLIANO (Monte Varino)
1422,20454,AGUGLIANO (Monte Varino-Bivio)
331,20455,AGUGLIANO (Transito Esterno)
1423,20456,"AGUGLIANO (V.De Gasperi, 7)"
1424,20457,AGUGLIANO (Strada Vallone)
1425,20458,AGUGLIANO (Bivio Caimmi)
1426,20459,GALLIGNANO (Bivio)
1427,20460,CASINE PATERNO (Biv. Paterno)
332,20461,CASINE PATERNO (Centro)
1428,20462,CASINE P. (Ponte)
1429,20463,TAGLIO (Strada Vallone)
1430,20464,TAGLIO (Legnami)
1431,20465,TAGLIO (Tennis)
333,20466,OSPEDALE TORRETTE (Esterno)SS16
334,20467,TORRETTE (Via Conca)
1432,20468,AGUGLIANO  (Supermercato)
1433,20469,AGUGLIANO (Quercia)
1434,20470,AGUGLIANO (Inc. Paterno)
1435,20471,PATERNO (Bivio)
335,20472,CASTEL D'EMILIO (Convento)
1436,20473,CASTEL D'EMILIO (Via Saffi)
336,20474,CASTEL D'EMILIO (Capolinea)
1437,20475,CASTEL D'EMILIO (via Saffi)
1438,20476,CASTEL D'EMILIO (Convento)
1439,20477,PATERNO (Bivio)
1440,20478,AGUGLIANO (Inc. Paterno)
1441,20479,AGUGLIANO (Quercia)
1442,20480,AGUGLIANO  (Supermercato)
1443,20481,S.MARIA NUOVA (Inc. Via Amendola)
337,20482,JESI (Via Setificio)
1444,20483,JESI  (Inpianto Metano)
1445,20484,JESI (Minonna)
1446,20485,JESI (Biv. Cannuccia)
1447,20486,POLVERIGI (Consorzio)
1448,20487,ASPIO V. (Bivio Croce)
1449,20488,ASPIO V. (Bivio M. Sicuro)
1450,20489,ASPIO V. (Via Senigalliese 5)
338,20490,ASPIO V. (Mulino)
1451,20491,S. PATERNIANO (Via Fonte Murata)
339,20492,via M.Lavoro Sogemi
1452,20493,"BARACCOLA (Via Albertini, 16)"
1453,20494,BARACCOLA (Globo)
1454,20495,BARACCOLA (Via Albertini dif. 37)
1455,20496,ANCONA (Viale 1° Maggio - rotatoria)
340,20497,ANCONA (Stab. Angelini)
341,20498,ANCONA (Pinocchio Tabacchi)
342,20499,ANCONA (Villa Igea)
1456,20500,ANCONA (Via Maggini)
344,20501,ANCONA (Via C. Colombo)
1457,20502,"CASTELFIDARDO (Via Podgora, 10)"
1458,20503,S. PATERNIANO (via Fonte Murata)
1459,20504,S. PATERNIANO
1460,20505,ANCONA  (Via C. Colombo)
1461,20506,ANCONA (Via Maggini)
1462,20507,ANCONA (Villa Igea)
345,20508,PINOCCHIO (Farmacia)
1463,20509,ANCONA (Viale 1° Maggio - rotatoria)
1464,20510,BARACCOLA (Bivio Candia)
1465,20511,"BARACCOLA (Viale 1° Maggio, 98)"
1466,20512,"BARACCOLA (Viale 1° Maggio, 124)"
346,20513,"BARACCOLA (Viale 1° Maggio, 154)"
1467,20514,CASTELFIDARDO (Badorlina)
347,20515,ASPIO V. (Semaforo).
1468,20516,ASPIO V. (Via Senigalliese)
1469,20517,ASPIO V. (Biv. M. Sicuro)
1470,20518,ASPIO V. (Biv. Croce)
1471,20519,POLVERIGI (Consorzio)
1472,20520,POLVERIGI (Bivio S. Vincenzo)
1473,20521,OSIMO (Cecconi)
1474,20522,S. VINCENZO (Bivio Offagna)
348,20523,S. PATERNIANO (Centro)
349,20524,S. PATERNIANO
1475,20525,S. PATERNIANO (Inc. Campo Ceraso)
1476,20526,OSIMO (Morbidoni)
1477,20527,OSIMO (Via Chiaravallese 38)
350,20528,OSIMO (Cimitero)
1478,20529,OSIMO (Chiesa Misericordia)
1479,20530,OSIMO (Via Ungheria Tabacchi)
1480,20531,OSIMO (Via Ungheria semaforo)
351,20532,Via Chiaravallese (119)
1481,20533,Frazione Aspio
352,20534,Via Chiaravallese
353,20535,Via Flaminia seconda (incr. V.Giuggioli)
354,20536,Via Chiaravallese
355,20537,Via Flaminia seconda
356,20538,OSIMO (Via C. Colombo)
1482,20539,OSIMO (Via Ungheria) - Scalinata Oberdan
1483,20540,OSIMO (Via Ungheria tabacchi)
357,20541,Via Ungheria 111
358,20542,OSIMO (Cimitero)
1484,20543,OSIMO (Via Chiaravallese 38)
1485,20544,OSIMO (Morbidoni)
1486,20545,S. PATERNIANO (Campo Ceraso)
1487,20546,S. PATERNIANO
359,20547,S. PATERNIANO (Scuole)
1488,20548,OFFAGNA (Bivio)
1489,20549,OSIMO (Cecconi)
1490,20550,S. VINCENZO (Bivio)
360,20551,JESI  (Via Macerata).
1491,20552,CASTEL ROSINO (Bivio)
361,20553,FILOTTRANO (Ponte Musone)
1492,20554,CANTALUPO (Bivio)
1493,20555,FILOTTRANO (Emoplast)
1494,20556,FILOTTRANO (Ponte Striscioni)
1495,20557,FILOTTRANO (Via Fonti)
362,20558,FILOTTRANO (Capolinea)
1496,20559,FILOTTRANO (Via Don Minzoni 27)
1497,20560,FILOTTRANO (Ospedale)
1498,20561,FILOTTRANO (Via Europa)
1499,20562,FILOTTRANO (Scuole Medie)
1500,20563,FILOTTRANO (Via Europa)
1501,20564,FILOTTRANO (Via Italia)
1502,20565,FILOTTRANO (Via A. Moro)
1503,20566,FILOTTRANO (Batocco)
1504,20567,FILOTTRANO (Via A. Moro 11)
1505,20568,Via Flaminia seconda (incr. V.Giuggioli)
1506,20569,Via Flaminia seconda
1507,20570,AGUGLIANO Via A. D. Gasperi
1508,20571,Aspio - Incrocio Montesicuro
1509,20572,Aspio - Incrocio Montesicuro
1510,20573,OFFAGNA - Montegallo
1511,20574,FILOTTRANO (Via Goggetta)
1512,20575,FILOTTRANO (via Goggetta)
1513,20576,FILOTTRANO (Via Fonti)
1514,20577,FILOTTRANO (Ponte Striscioni)
1515,20578,FILOTTRANO (Emoplast)
1516,20579,CANTALUPO (Bivio)
363,20580,FILOTTRANO (Ponte Musone)
1517,20581,CASTEL ROSINO (Bivio)
364,20582,JESI (Via Macerata)
1518,20583,COLLINA  (Via F. Conti)
1519,20584,PRADELLONA (Fiat)
365,20585,CASTEL ROSINO (Centro)
1520,20586,PRADELLONA
1521,20587,COLLINA (Via F. Conti)
366,20588,ANCONA (Stazione F.S. Via G. Bruno)
367,20589,ASPIO V. (Tabacchi).
368,20590,S. BIAGIO di OSIMO (Biv. Gambone).
369,20591,S. BIAGIO di OSIMO
1522,20592,S. BIAGIO di OSIMO (Scuole)
1523,20593,S. BIAGIO di OSIMO (incr. V.Montegalluccio)
1524,20594,S. BIAGIO di OSIMO (Distributore)
1525,20595,OSIMO (Stinco)
1526,20596,OSIMO (Guercio)
370,20597,OSIMO (Via M. Polo)
1527,20598,OSIMO (Via M. Polo 31)
1528,20599,OSIMO (Bartolini)
1529,20600,OSIMO (Bartolini)
1530,20601,OSIMO  (via M. Polo 31)
1531,20602,OSIMO (Ex Vigili del Fuoco)
1532,20603,OSIMO (Distributore Agip)
1533,20604,OSIMO (Stinco)
1534,20605,OSIMO (Distributore Q8)
1535,20606,S. BIAGIO di OSIMO (incr. V.Montegalluccio)
1536,20607,S. BIAGIO di OSIMO (Scuole)
372,20608,SAN BIAGIO di OSIMO (Incr. V.S.Biagio)
373,20609,S. BIAGIO di OSIMO (Biv. Gambone)
1537,20610,ASPIO VECCHIO (Tabacchi)
374,20611,ASPIO TERME
1538,20612,CAMERANO (Perini Sport)
1539,20613,CAMERANO (SS.16 AGIP)
1540,20614,OSIMO (Odissea)
1541,20615,OSIMO (Brico Fer)
1542,20616,OSIMO STAZIONE (112)
375,20617,OSIMO STAZIONE (Fiore)
376,20618,OSIMO STAZIONE (F.S.)
1543,20619,OSIMO STAZIONE. (Via Flaminia 112)
1544,20620,V. Flaminia Prima
1545,20621,ABBADIA (Incrocio)
1546,20622,ABBADIA (Sbrozzola)
1547,20623,ABBADIA (Sbrozzola)
1548,20624,ABBADIA (Incrocio)
1549,20625,OSIMO (Biv. Castellano)
1550,20626,OSIMO STAZIONE (112)
1551,20627,OSIMO (Brico Fer)
1552,20628,Camerano (Odissea)
1553,20629,CAMERANO (SS.16  AGIP)
377,20630,ASPIO TERME (Mercatone)
378,20631,ASPIO TERME
1554,20632,S. PATERNIANO (civ. 53)
1555,20633,ABBADIA (civ. 101)
1556,20634,ABBADIA (civ. 96)
379,20635,ABBADIA (Centro).
1557,20636,ABBADIA (civ. 25)
1558,20637,ABBADIA (civ. 9)
1559,20638,ABBADIA (civ. 8)
380,20639,ABBADIA
1560,20640,ABBADIA (civ. 30)
381,20641,ABBADIA (Centro)
1561,20642,ABBADIA (civ. 101)
382,20643,Via Ancona
383,20644,Via Abbadia
1563,20646,Via Ancona
384,20647,OFFAGNA - Montegallo
385,20648,JESI V.le Vittoria Ponte
1567,20653,ABBADIA
387,20654,OSIMO (Ist. San Carlo)
1568,20655,FILOTTRANO (Via V. Veneto 140)
1569,20656,FILOTTRANO (Rotatoria)
1571,20659,OSIMO (Vetreria)
390,20664,OSIMO Via Ungheria Borgo
1575,20665,"CASTELFIDARDO (Via Podgora, dif. 55)"
1580,20673,Via Filottrano
394,20674,Via Filottrano
1581,20675,OSIMO  (San Carlo)
1583,20677,RECANATI (Via Addolorata)
1584,20678,RECANATI (Via Addolorata).
1585,20679,S.BIAGIO di Filottrano (Via Villanova)
1588,20683,OFFAGNA (Via M. Gallo 6)
1589,20684,OFFAGNA (Via M. Gallo Sederoni)
1590,20685,S.BIAGIO di FILOTTRANO (via Villanova)
396,20688,CASTELFIDARDO (Via della Stazione)
1593,20689,OFFAGNA (Venturina)
1594,20690,OFFAGNA (Monte Cerno)
1595,20691,OFFAGNA (Figuretta)
1596,20692,OFFAGNA (Croce)
1597,20693,OFFAGNA (Via La Torre 6)
1598,20694,OFFAGNA (Campo Sportivo)
397,20695,OFFAGNA (Capolinea)
1599,20696,OFFAGNA (S.Bernardino)
1600,20697,OFFAGNA (S.Bernardino Alocco)
1601,20698,OFFAGNA (Monte Gallo Fonderia)
1602,20699,OFFAGNA (Monte Gallo 28)
399,20700,OFFAGNA (Monte Gallo)
1603,20701,OFFAGNA (Monte Gallo 2)
400,20702,OFFAGNA (Bivio Gambone)
1604,20703,OFFAGNA (Monte Gallo)
401,20704,OFFAGNA (Monte Gallo)
1605,20705,OFFAGNA (Monte Gallo 28)
1606,20706,OFFAGNA (Monte Gallo Fonderia)
1607,20707,OFFAGNA (S. Bernardino Alocco)
1608,20708,OFFAGNA (S. Bernardino)
1609,20709,OFFAGNA (Campo Sportivo)
1610,20710,OFFAGNA (Via La Torre 7)
1611,20711,OFFAGNA (La Croce)
1612,20712,OFFAGNA (La Figuretta)
1613,20713,OFFAGNA (Monte Cerno)
1614,20714,OFFAGNA (Venturina)
1615,20715,OSIMO (Conad)
1616,20716,OSIMO (Via Monte Fanese 52)
1617,20717,OSIMO (Biv. Linguetta)
1618,20718,OSIMO (Via Monte Fanese 95)
402,20719,PADIGLIONE
1619,20720,OSIMO (Stabilimento siva)
403,20721,PADIGLIONE (Distributore)
1620,20722,PASSATEMPO (Via Monte Fanese 195)
1621,20723,PASSATEMPO (Centro)
404,20724,PASSATEMPO (Capolinea)
1622,20725,PASSATEMPO (Centro)
1623,20726,PASSATEMPO (199)
1624,20727,OSIMO (Cotto e Biscotto)
1625,20728,OSIMO (Coffins)
1626,20729,OSIMO (Cola)
1627,20730,OSIMO (Fornaci Morando Antonelli)
1628,20731,OSIMO (Fornaci Morando)
1629,20732,MONTORO (Fontanella)
1630,20733,MONTORO (Figuretta).
405,20734,MONTORO (Centro).
1631,20735,MONTORO (Km 5)
1632,20736,CURANOVA (Chiesa)
1633,20737,S.BIAGIO di FILOTTRANO (Enel)
406,20738,S.BIAGIO di FILOTTRANO (Centro)
1634,20739,S.BIAGIO di FILOTTRANO (Enel)
1635,20740,FILOTTRANO (Bartoluccio)
1636,20741,TORNAZZANO (23)
1637,20742,FILOTTRANO (Goggetta 3)
1638,20743,FILOTTRANO (Via V.Veneto 68)
1639,20744,FILOTTRANO (Via V. Veneto)
1640,20745,TORNAZZANO (38)
1641,20746,FILOTTRANO (Bartoluccio)
1642,20747,CURANOVA
407,20749,MONTORO (Centro)
1644,20750,MONTORO (Figuretta)
1645,20751,MONTORO (Fontanella)
1646,20752,OSIMO (Fornaci Morando)
1647,20753,OSIMO (Fornaci Morando Antonelli)
1648,20754,OSIMO (Inc. Cola)
1649,20755,OSIMO (Coffins)
1650,20756,OSIMO (Stab. Siva)
408,20757,PADIGLIONE (Centro Scuole)
1651,20758,OSIMO (Via Monte Fanese 95)
1652,20759,OSIMO  (Biv. Linguetta)
1653,20760,OSIMO (Conad)
1654,20761,CASTELFIDARDO (Albanesi)
1655,20762,CASTELFIDARDO (Gagliardi)
1656,20763,CASTELFIDARDO (Scuole vecchie)
1657,20764,CASTELFIDARDO (Via Valle)
1658,20765,CASTELFIDARDO (Inc. Via Sicilia)
1659,20766,"CASTELFIDARDO (Via Matteotti, 109)"
409,20767,CASTELFIDARDO (Piazzale don Minzoni)
1661,20769,CASTELFIDARDO (Fornaci)
1662,20770,CASTELFIDARDO (Via Rossini 34)
1663,20771,"CROCETTE (Via Murri, 99)"
1664,20772,"CROCETTE (Via Nobel, 14)"
410,20773,CROCETTE (Centro).
1665,20774,CROCETTE (Km. 5)
1666,20775,CAMPANARI (Centro)
1667,20776,Filottrano (Via Cimignano)
1668,20777,Filottrano (Incr. Via Cimignano)
411,20778,ACQUAVIVA (Semaforo).
412,20779,ACQUAVIVA  (Distributore)
413,20780,VILLA MUSONE (58)
414,20781,VILLA MUSONE (Centro)
415,20782,VILLA MUSONE (Via Rosario 50)
416,20783,LORETO (Distributore Agip)
1669,20784,LORETO (Arco)
1670,20785,LORETO (Via Marconi)
1671,20786,LORETO (Via Marconi-parcheggio)
417,20787,LORETO (P.zza Leopardi)
1672,20788,LORETO (Aeronautica)
1673,20789,LORETO (Via Archi 15)
1674,20790,LORETO (Archi)
1675,20791,RECANATI (Via S.Francesco 6)
1676,20792,RECANATI (Distributore Agip)
1677,20793,RECANATI (Larmes)
1678,20794,RECANATI (Fuselli)
418,20795,RECANATI (Istituto Mattei)
1679,20796,RECANATI (Ospedale)
1680,20797,RECANATI (Casa Leopardi)
419,20798,RECANATI (Capolinea)
1681,20799,RECANATI (Casa Leopardi)
1682,20800,RECANATI (Ospedale)
421,20801,RECANATI (Istituto Mattei)
1683,20802,RECANATI (Fuselli)
1684,20803,RECANATI (Larmes)
1685,20804,RECANATI (Distributore Agip)
1686,20805,RECANATI (Via S.Francesco 6)
1687,20806,LORETO (Archi)
1688,20807,LORETO (Via Archi 15)
1689,20808,LORETO (Aeronautica)
422,20809,LORETO (P.zza Leopardi)
423,20810,LORETO (Via Marconi 76)
1690,20811,LORETO (Via Marconi)
1691,20812,LORETO (Arco)
1692,20813,LORETO (Inc. Stazione F.S.)
1693,20814,VILLA MUSONE  (Via Rosario 105)
424,20815,VILLA MUSONE (Centro)
1694,20816,VILLA MUSONE (58)
1695,20817,ACQUAVIVA (Distributore)
425,20818,ACQUAVIVA (Semaforo)
1696,20819,CAMPANARI (Centro)
1697,20820,CROCETTE (Km.5)
426,20821,CROCETTE (Centro)
1698,20822,"CROCETTE (Via Murri, 10)"
1699,20823,"CROCETTE (Via Murri, 24)"
1700,20824,CASTELFIDARDO (Via Rossini 125)
1701,20825,CASTELFIDARDO (Fornaci)
1702,20826,CASTELFIDARDO (Monumento)
1703,20827,CASTELFIDARDO  (Via Sicilia)
1704,20828,CASTELFIDARDO (Valle)
1705,20829,CASTELFIDARDO (Scuole vecchie)
1706,20830,CASTELFIDARDO (Gagliardi)
1707,20831,CASTELFIDARDO (Albanesi)
1708,20832,S.ROCCHETTO (Inc. F.C.F.)
427,20833,S.ROCCHETTO (Centro).
1709,20834,S.ROCCHETTO (Via Ghandi 7)
1710,20835,S.ROCCHETTO (Via Ghandi 33)
1711,20836,S.ROCCHETTO (Via Ghandi 29)
1712,20837,S.ROCCHETTO (Via Ghandi 10)
428,20838,SAN ROCCHETTO
1713,20839,S.ROCCHETTO (Inc. F.C.F.)
1714,20840,CASTELFIDARDO (Via Torres dif. 48)
1715,20841,"CASTELFIDARDO (Via Torres, 48)"
1716,20842,CASTELFIDARDO (Via Torres dif. 68)
429,20843,ACQUAVIVA  (Via Che Guevara)
1718,20845,"CASTELFIDARDO (Via Torres, 68)"
1721,20848,"CASTELFIDARDO (Via IV Novembre, 14)"
1722,20849,CASTELFIDARDO (Via XXV Aprile Ospedale)
430,20850,OFFAGNA (Via Offagna)
431,20851,OSIMO (San Carlo Parcheggio)
1723,20852,CASTELFIDARDO (Via C. Colombo dif. 8)
1724,20853,CASTELFIDARDO (Campo sportivo)
432,20854,"CASTELFIDARDO (Via Recanatese, 30)"
1725,20855,CASTELFIDARDO (Via Recanatese incr. Via Macerata)
1726,20856,CASTELFIDARDO (Zona industriale)
1727,20857,CASTELFIDARDO (Cerretano Vivai)
1728,20858,CASTELFIDARDO (Cerretano Vivai)
1729,20859,CASTELFIDARDO (Zona industriale)
1730,20860,OSIMO STAZIONE (via Flaminia 112)
1731,20861,ABBADIA (Fontanelli)
433,20862,CASTELFIDARDO (Via Recanatese incr. Via Macerata)
434,20863,CASTELFIDARDO (Biv. SS. 16)
436,20865,PORTO RECANATI (Foce Musone)
1732,20866,MONTE MARCIANO (P.zza del Comune)
437,20867,CASTELFIDARDO (Via Recanatese dif. 36)
1733,20868,CASTELFIDARDO (Campo sportivo)
1734,20869,"CASTELFIDARDO (Via C. Colombo, 8)"
438,20870,CASTELFIDARDO (Via XXV Aprile Ospedale)
1735,20871,FILOTTRANO (V.le Europa)
439,20872,"BARACCOLA (Via Albertini, 14)"
440,20873,ANCONA (Ist. Montedago)
441,20874,ANCONA (Ist. Prof. Commercio)
442,20875,ANCONA (Ist. d'Arte)
443,20876,ANCONA (Ist. Gervasoni)
1736,20877,FILOTTRANO (Ospedale)
444,20878,ANCONA (Ist. Prof. Commercio)
1738,20880,DEPOSITO DI CASTELFIDARDO
445,20881,DEPOSITO FILOTTRANO
446,20883,MARINA (Stab. Preca Brummel)
1740,20884,CASTELFIDARDO (Badorlina)
447,20885,SAN SABINO
1741,20886,OSIMO STAZIONE (Via S. Mameli)
1742,20887,OSIMO STAZIONE (Via Mameli)
448,20888,AEROPORTO
1743,20889,FALCONARA ZONA IND (Bedetti)
1744,20890,FALCONARA ZONA IND (Bedetti)
1745,20891,CHIARAVALLE (Strada Galoppo)
1746,20892,CASSIANO (Inc. Strada Galoppo)
1747,20893,PORTO RECANATI (Scossicci)
1748,20894,OSIMO (Via Quercetti)
1749,20895,CAMERANO (Sbrozzola)
1750,20896,CAMERANO (Sbrozzola)
1751,20897,OFFAGNA (Monte Gallo 5)
449,20898,OSPEDALE TORRETTE (Interno)
450,20899,SAN SABINO
452,20900,MOLINO AGUGLIANO
453,20901,SP Garofoli
1752,20902,SP Garofoli
1759,20911,Via Montessori
456,20912,ANCONA (INPS)
1760,20913,FILOTTRANO (Inc. Frascatale)
1761,20914,FILOTTRANO (Frascatale)
457,20915,Via Caduti del Lavoro (INPS)
1762,20916,"CASTELFIDARDO (Via IV Novembre, 36)"
1763,20917,"CASTELFIDARDO (Via 4 Novembre, 7)"
1764,20918,CROCETTE (Via Murri dif. 3)
1765,20919,"CASTELFIDARDO (Via XXV Aprile, 54)"
458,20920,"CROCETTE (Via Murri, 13)"
1766,20921,"CROCETTE (Via Murri, 2)"
459,20922,FALCONARA (Cityper)
460,20923,FALCONARA (Piscina)
4527,20924,CASTELFIDARDO (Via Torres dif. 26)
1767,20925,"CASTELFIDARDO (Via Torres, 26)"
1769,20927,"CASTELFIDARDO (Via Recanatese, 14)"
461,20928,OSIMO (Capolinea)
1770,20929,FALCONARA (Cityper)
1771,20930,"CASTELFIDARDO (Via Recanatese, 44)"
462,20931,FALCONARA (Piscina).
463,20932,OSIMO  (Marta Russo)
1772,20933,Via A. Giolitti (Incr. V. Morandi)
464,20934,Via Giolitti 18
465,20935,LORETO (Via Marconi)
1773,20936,MORRO d'ALBA (Strada della Corea)
1774,20937,MORRO d'ALBA (Strada della Corea)
1775,20938,POLVERIGI (Via Senigalliese 2)
1776,20939,POLVERIGI (Via Senigalliese 1)
4272,20940,LORETO (Stazione F.S.)
1777,20941,MORRO D'ALBA (Consorzio)
1778,20942,MORRO D'ALBA Consorzio)
1779,20943,FILOTTRANO (Via V. Veneto 70)
1780,20944,ANCONA (Taglio Tennis)
1781,20945,ANCONA (Taglio Tennis)
1782,20946,ANCONA (Taglio Via Vallone)
1783,20947,ANCONA (Taglio Via Vallone)
1784,20948,COLLINA (Via F. Conti  55)
1785,20949,COLLINA (Via F. Conti  55)
1786,20950,Via Giolitti fronte 18
1787,20951,Via Dell'Industria
1788,20952,CAMERATA P. (Banca)
1789,20953,CAMERATA P. (Banca)
1790,20954,POLVERIGI (Cimitero)
1791,20955,CHIARAVALLE (Strada Galoppo Asilo)
1792,20956,POLVERIGI (Tre Ponti)
1793,20957,CAMERATA P. (Cassero)
1794,20958,CAMERATA P. (Cassero)
1795,20959,S.MARIA NUOVA
1796,20960,S.MARIA NUOVA
1797,20961,ANCONA (INPS).
1798,20962,AGUGLIANO  (Cimitero)
1799,20963,PATERNO (Fornace Vecchia)
1800,20964,PATERNO (Centro)
1801,20965,PATERNO (Centro)
1802,20966,PATERNO (Incrocio)
1803,20967,PATERNO (Curva Buratta)
1804,20968,PATERNO (Discesa)
1805,20969,PATERNO (Inc. S.P. Vallone)
1808,20972,via Borghetto
1809,20973,Via Borghetto
466,20974,LORETO (Sc. Medie Bramante)
467,20975,LORETO (Sc. Medie Bramante)
468,20976,LORETO (Via Marconi)
1810,20977,CASTELFIDARDO (Via Podgora 65)
1811,20978,"CASTELFIDARDO (Via Podgora, 5)"
1812,20979,"CASTELFIDARDO (Via IV Novembre, 49)"
1813,20980,CASTELFIDARDO (Via IV Novembre dif. 14)
1814,20981,FILOTTRANO (Tornazzano Inc. Via Nova)
1815,20982,MONTORO (Chiesa)
1816,20983,MONTORO (Chiesa)
1817,20984,FILOTTRANO (Tornazzano Inc. Via Nova)
469,20985,CHIARAVALLE (Palasport)
1818,20986,POLVERIGI (Biv. la Coppa)
1819,20987,POLVERIGI  (Biv. la Coppa)
1820,20988,OSIMO STAZIONE (Cora legnami)
1821,20989,OSIMO STAZIONE (Cora legnami)
1822,20990,FILOTTRANO (Zona Ind. Cesarina)
472,20993,FALCONARA (Via Castellaraccia)
1824,20996,FALCONARA  (Ist. Bignamini)
1825,20997,Z.IND. SQUARTABUE
1826,20998,Via S.Biagio
474,20999,Via S.Biagio
1827,21000,Piazza Cavour (Conerobus Linee Sud)
1828,21001,Stazione F.S. (Linee Sud)
1829,21002,FALCONARA  (Via Campania)
1830,21003,FALCONARA  (Via Alto Adige)
476,21004,FALCONARA  (Via Trentino)
1831,21005,FALCONARA (Via Campania)
1834,21009,"Castelferretti (Via Marconi, 114)"
479,21012,FALCONARA (Via Sardegna)
1836,21013,FALCONARA  (Via S. Rosa)
1837,21014,FALCONARA (Via T. Speri)
480,21015,FALCONARA (Via A. Volta)
1838,21016,FALCONARA (Via Ville 2)
1839,21017,FALCONARA   (INPS)
1840,21018,FALCONARA (Via B. Buozzi inc.V.Castellaraccia)
1841,21019,FALCONARA (Via Cesanelli)
1846,21024,MONTEMARCIANO (Inc. Alberici)
481,21025,MARINA (Quartiere Villaggio)
1847,21026,MARINA  (Via Degli Olmi)
1848,21027,MARINA (Quartiere Villaggio)
1849,21028,MARINA (Via delle Rose)
1850,21029,MARINA (Via delle Gardenie)
1851,21030,Viale dei Platani
1852,21031,MARINA (Via Gardenie)
1853,21032,MARINA (Quartiere Villaggio)
1854,21033,ANCONA (Via C. Colombo - Ex CRAS)
1855,21034,ANCONA (P.le Europa)
482,21035,ANCONA  (Vigili del Fuoco)
1856,21036,ANCONA  (Via Giannelli)
483,21037,SENIGALLIA (Chiesa del Portone)
484,21038,SENIGALLIA (Liceo Classico)
485,21039,SENIGALLIA (Liceo Classico)
486,21040,SENIGALLIA  (P.zza Diaz)
1857,21041,CAMERATA P. (Via de Amicis)
1858,21042,SENIGALLIA (Liceo Medi)
1859,21043,GRANCETTA (Conc. Mercedes)
1860,21044,CAMERATA P. (Via Gramsci)
1861,21045,ANCONA (Via C. Colombo - Ex Cras)
1862,21046,ANCONA (Baraccola legnami)
487,21047,PATERNO (Capolinea)
1863,21048,BARACCOLA  (Discoteca)
1864,21049,ANCONA (Via Caduti del Lavoro 49)
1866,21051,Via Ricci
488,21052,JESI (Psicopedagogico)
489,21053,JESI (Via Verdi - Liceo Sci. Ling. Tec)
490,21054,JESI - Arco Clementino
491,21055,JESI (Capolinea)
1868,21057,PORTO RECANATI (Scossicci)
492,21058,ANCONA (Via Bocconi)
1871,21061,GRANCETTA (Inc. Autostrada)
1872,21062,CAMERATA P. (Via Collodi)
1873,21063,CAMERATA P. (Via de Amicis)
1875,21065,OFFAGNA (S.Bernardino).
1878,21068,PATERNO (Incrocio)
1879,21069,Paterno 128
1880,21070,PATERNO
1881,21071,PATERNO (Fornace Vecchia)
1882,21072,PATERNO (Fornace Vecchia).
1883,21073,PATERNO (Ex Carabinieri)
1884,21074,AGUGLIANO (Bivio Gavone)
1886,21076,FALCONARA (Via Panoramica)
493,21077,"BARACCOLA (Via Albertini, 6)"
494,21078,BARACCOLA (Via Scataglini C. Comm.)
1887,21079,BARACCOLA (Via Filonzi)
1888,21080,ANCONA (Via Caduti del Lavoro)
1889,21081,ANCONA (Via Caduti del Lavoro 8)
1890,21082,ANCONA (Via Caduti del Lavoro 28)
1891,21083,FILOTTRANO (Biv. Cento Finestre)
1892,21084,FILOTTRANO (Biv. Cento Finestre)
1893,21085,FILOTTRANO (Biv. Cento Finestre)
1894,21086,AGUGLIANO (Inc. Mulino)
495,21087,CASSERO (Centro).
1895,21088,FALCONARA (Via Liguria)
496,21089,CHIARAVALLE (Ist. Professionale)
1896,21091,OSIMO (Villino Verde)
1897,21092,OFFAGNA (Via Offagna).
1904,21100,C.San Francesco
499,21101,C.San Francesco
1906,21104,Castelferretti (Via Marconi - CAM)
1938,21139,CASTELFIDARDO (Via Torres incr. Via Diaz)
504,21140,LORETO (Ist. Alberghiero Via S. Francesco)
1939,21141,Filottrano via Grazie
505,21142,FILOTTRANO (Cimitero).
1940,21143,FILOTTRANO  (via S. Anna)
1941,21144,FILOTTRANO ( Biv. Storaco)
1942,21145,FILOTTRANO (Biv. S. Gimignano)
1943,21146,FILOTTRANO  (Via s. Marino)
1944,21147,FILOTTRANO  (Via S. Marino 8)
1945,21148,CANTALUPO (2A)
1946,21149,CANTALUPO (Via Cantalupo 12)
506,21150,CANTALUPO (Centro)
1947,21151,CANTALUPO (2)
1948,21152,FILOTTRANO (Via S. Marino)
1949,21153,FILOTTRANO (Via S. Marino 1)
1950,21154,FILOTTRANO (Biv. S. Gimignano)
1951,21155,FILOTTRANO (Biv. Storaco)
1952,21156,FILOTTRANO (Via S. Anna)
507,21157,FILOTTRANO (Cimitero)
1953,21158,FILOTTRANO (Zona Industriale)
1954,21159,FILOTTRANO (Zona Industriale)
1955,21160,OFFAGNA (Biv. Vallone).
1956,21161,Via Montefanese
1969,21174,OFFAGNA (Biv. Vallone)
508,21175,OSIMO (Capolinea Frazioni)
509,21178,Via Veneto (Arco Clementino)
510,21179,JESI  (V.le Vittoria Ospedale)
511,21180,AGUGLIANO (Esterno).
512,21181,POLVERIGI (Cimitero)
514,21184,JESI (Ist. Tec. Femminile)
1974,21187,OSIMO  (S. Paterniano)
1975,21188,OSIMO (S. Paterniano)
515,21189,CASTELFIDARDO (Via Torres incr. Via Diaz)
1976,21190,RECANATI (Porta Cerasa)
516,21191,ACQUAVIVA (Semaforo)
517,21192,LORETO (Ist. Ragioneria)
519,21194,FALCONARA (Cimitero Interno)
520,21195,CHIARAVALLE (Stadio)
521,21197,ANCONA (P.zza  U. Bassi)
522,21198,Via Mattei - fronte CRN
1977,21199,ANCONA (Tavola Amica)
1978,21200,ANCONA (Tavola Amica)
1979,21201,FALCONARA (Parco Kennedy)
1980,21202,FALCONARA (Via Repubblica)
1981,21203,FALCONARA (P.zza Garibaldi)
1982,21205,PATERNO (Fornaci Vecchie).
1983,21207,POLVERIGI (Rotatoria)
1984,21208,AGUGLIANO (Tre Ponti)
1985,21209,AGUGLIANO (Inc. Paglialunga)
1986,21210,MULINO AGUGLIANO (Incrocio Esterno)
1988,21212,FILOTTRANO  (Curanova Vivai)
1989,21213,ANCONA (Stab. Tubimar)
1990,21214,ANCONA (Stab. Tubimar)
1991,21215,AGUGLIANO (Inc. Paglialunga)
1992,21216,ABBADIA (Inc. Via Piave)
1993,21217,ABBADIA (Via Piave)
1994,21218,ABBADIA (Via F.lli Cairoli)
1995,21219,ABBADIA (Via F.lli Cairoli incr. V.Bandiera)
1996,21220,ABBADIA (Via F.lli Bandiera)
2037,21230,"CASTELFIDARDO (Via Rizzo, 9)"
2038,21231,MONTEMARCIANO Via S. Pietro
2039,21232,MONTEMARCIANO (Circonvallazione)
2124,21233,JESI (Via Gallo d'Oro)
2125,21234,JESI (Via Gallo d'Oro)
2127,21235,Baby Brummel a
2128,21238,LORETO  (Ist. Alberghiero nuovo)
2129,21239,MONTEMARCIANO - Via Romagna
2130,21240,MONTEMARCIANO - Viale Europa
2132,21242,Senigallia (Scuole Via dei Gerani)
2133,21243,SENIGALLIA (Scuole Marchetti)
2134,21244,LORETO - (Montorso Cap.)
2135,21245,LORETO (Montorso Centro)
2549,21251,Jesi  Via Verdi (Liceo Classico)
2555,21253,Via Verdi (Liceo Sci. Ling. Tec)
2547,21254,FOLOTTRANO (Via A. Moro)
2556,21255,FILOTTRANO (Via A. Moro Batocco)
2548,21256,FILOTTRANO (Via Italia Inc. S.Lorenzo)
2550,21257,FILOTTRANO (via Italia Inc. V. Lazio)
2553,21258,FILOTTRANO (Via Europa Sc. Medie)
2742,21259,ANCONA (Stazione-Alberghi)
3878,21260,CINGOLI (Capolinea)
4186,21261,STAFFOLO (Biv. Coste)
3879,21262,STAFFOLO (Biv. Coste).
4187,21263,JESI (La Bernardina)
4223,21264,BORGHETTO (Interno V. 25 Aprile)
4217,21265,BORGHETTO (Interno V. Alfieri)
4279,21266,VIA MARSALA
4273,21267,ANCONA  VIA TOGLIATTI (Scuole Monte Dago)
4300,21268,RECANATI (IST. MATTEI)
4326,21269,MONTEMARCIANO (Via PERTINI)
4328,21270,Via Ricci
4329,21271,COLLEMARINO (Via M. Ricci Fefè)
4330,21272,PARCO ZOO FALCONARA
4540,21273,SENIGALLIA (Rotonda)
4915,21274,ROTATORIA SBROZZOLA
4579,21275,via Farfisa Ponte A14
4577,21276,via Farfisa C.Com.li
4578,21277,via Sbrozzola
4580,21278,Via Industria Bartolini
4581,21279,Marvit - Assam
4629,21280,GROTTINO (Via Intercomunale)
4640,21281,Grottino
4863,21284,via Sbrozzola
4866,21285,via Industria Bartolini
4864,21286,Via Del Lavoro- Assam
4865,21287,via M.Lavoro  Assam
4861,21288,via M.Lavoro Sogemi
4867,21289,Via delle Terme IKEA
4893,21290,Via G. Acqua - Autostazione Jesi
4955,21291,Via Farfisa Aspio FS
4954,21292,Via Farfisa Aspio FS Ponte
5037,21300,VIA MONTECERNO (incr. V. Offagna)
5053,21301,VIA MONTECERNO (incr. V. Fontemurata)
5038,21302,SANTO STEFANO (Chiesa)
4964,21303,VIA SANTO STEFANO (incr. V. Montegalluccio)
5011,21304,VIA MONTEGALLUCCIO (fronte civico n.30)
4986,21305,VIA MONTEGALLUCCIO (civ. 21)
5039,21306,VIA MONTEGALLUCCIO (fronte civ. 12)
5012,21307,VIA DI JESI (civ. 42)
5066,21308,VIA DI JESI (incr. V. Gattuccio)
5067,21309,VIA DI JESI (civ. 202)
5068,21310,VIA DI JESI (fronte civ. 307/309)
5027,21311,VIA DI JESI (fronte incr. V. Albanelli)
5040,21312,1^ VIA STRISCIONI
5001,21313,VILLA SAN PATERNIANO (fronte Chiesa)
4965,21314,2^ VIA STRISCIONI
5054,21315,3^ VIA STRISCIONI
4966,21316,4^ VIA STRISCIONI
5013,21317,5^ VIA STRISCIONI
4987,21318,6^ VIA STRISCIONI
5002,21319,7^ VIA STRISCIONI
4988,21320,8^ VIA STRISCIONI
4989,21321,9^ VIA STRISCIONI
4990,21322,VILLA SAN PATERNIANO (Chiesa)
5003,21323,PALABALDINELLI
5041,21324,CASENUOVE (ACLI)
4991,21325,CASENUOVE (Cimitero)
5055,21326,VIA DI JESI (incr. V. Osimana)
5014,21327,CASENUOVE (fronte ACLI)
4992,21328,VIA DI JESI (civ. 359)
4993,21329,VIA DI JESI (incr. V. Striscioni)
5069,21330,VIA DI JESI (incr. V. Albanelli)
4967,21331,VIA DI JESI (civ. 307/309)
5042,21332,VIA DI JESI (fronte civico n.202)
5043,21333,VIA DI JESI (incr. V. Molino Guarnieri)
4968,21334,VIA DI JESI (fronte Lampa)
4969,21335,VIA DI JESI (civ. 253)
5044,21336,VIA DI JESI (civ. 237)
5056,21337,VIA DI JESI (fronte civico n.88)
4970,21338,VIA DI JESI (di fronte Pamel)
4994,21339,CAMPOCAVALLO (ex Scuole)
5057,21340,VIA COVO (incr. V. Fratelli Ippoliti)
4971,21341,VIA AGRICOLTURA (incr. V. Addolorata)
5070,21342,VIA RECANATI (incr. V. di Jesi)
5071,21343,VIA CAGIATA (civ. 63)
4972,21344,VIA CAGIATA (civ. 45)
5058,21345,VIA CAGIATA (civ. 29)
5072,21346,VIA CAGIATA (civ. 21)
5045,21347,VIA CAGIATA (difronte civ. 21)
5073,21348,VIA CAGIATA (difronte civ. 29)
5004,21349,VIA CAGIATA (difronte civ. 45)
4973,21350,VIA CAGIATA (difronte civ. 71)
4974,21351,VIA DI JESI (Pamel)
5015,21352,VIA DI JESI (incr. V. Molino Basso)
5046,21353,VIA DI JESI (difronte civ. 237)
5005,21354,Via Striscioni (dopo bivio)
4975,21355,VIA DI JESI (Lampa packaging)
5089,21356,OFFAGNA Venturina (incr. Via Chiaravallese)
5087,21357,VIA G. FALCONE (incr. Via Recanati)
5117,21358,CASENUOVE
5119,21359,CASENUOVE
5118,21360,CASENUOVE (Consorzio cereali)
4894,22000,HOTEL LE QUERCE DI SENIGALLIA
4895,22001,FERMATA CONTRAM CAMERINO A CAMERINO
4896,22002,FERMATA DI PIEVE TORINA SERVIZIO CAMERINO SC01
535,22196,ANCONA (P.zza U.Bassi)
4691,22197,Tabaccheria
4882,22199,Via Italia
4883,22200,Via Antognini
4886,22201,Via Aspio - Montesicuro
4885,22202,Via Aspio - Montesicuro
4890,22203,Palombina
4898,22204,Fermata di Pontelungo Linea R
4906,22205,MONTEMARCIANO - Via De Gasperi
4910,22206,MONTEMARCIANO - Viale Europa
4908,22207,MONTEMARCIANO - Viale Marche
4917,22209,STAFFOLO (Via Roma 10)
4912,22210,Ospedale Regionale (Torrette di Ancona)
4916,22211,STAFFOLO (Via Roma 5)
4921,22212,LORETO (Torrione Capolinea)
4914,22222,FERMATA NEI PRESSI DI VIA POIOLE (2125)
4897,22500,Via XXIV Maggio - Casa del Popolo
4962,660n,Piazza Stamira
2054,CFIDIS,CASTELFIDARDO (Istituto ISIS)
2139,CI000,Deposito di Jesi - Servizio Urbano
2140,CI001,Stazione FS - Capolinea
2141,CI002,Viale Trieste
2142,CI003,Portavalle
2143,CI004,Via della Granita
2144,CI005,Via San Giuseppe
2145,CI006,Via Garibaldi
2146,CI007,Via Garibaldi - Via Volturno
2147,CI008,Via Nazario Sauro
2148,CI009,Via Mura Occidentali
2149,CI010,Via Mura Occidentali - Poste
2150,CI011,Via Mura Occidentali - Ciro
2152,CI013,Via Roma - Arci
2153,CI014,Via Roma - ex Morriconi
2154,CI015,Via Roma - Bar
2155,CI016,Via Roma - La Fornace
2156,CI017,Via Roma - Officina
2157,CI018,Via Roma - Via Bosi
2158,CI019,Via Roma - Davanti Bar Parò
2159,CI020,Via Roma - Bivio Cingoli
2160,CI021,Via Roma - Monte Schiavo
2161,CI022,Via Roma - Magaci
2162,CI023,Via Roma - Bivio Pantiere
2163,CI024,Villa Serena
2164,CI025,Via Pantiere - Bivio
2165,CI026,Via Pantiere - Imp. Sportivi
2169,CI030,Via Roma - Fronte Magaci
2170,CI031,Via Roma - Monte Schiavo
2171,CI032,Bivio Cingoli
2172,CI033,Via Roma - Bar Parò
2173,CI034,Via Roma - Via Berlinguer
2174,CI035,Via Roma - P.zza Pellegrini
2175,CI036,Via Roma - Casa del Lampadario
2176,CI037,Via Roma - Lavatoio
2177,CI038,Via Zara - Chiesa
2178,CI039,Via Roma - Via Asiago
2179,CI040,Via Roma - XX Settembre
2180,CI041,C.so Matteotti - Arco
2186,CI047,Via del Setificio
2187,CI048,Via XXIV Maggio - Casa del Popolo
2188,CI049,Via G. Acqua - Autostazione
2189,CI050,Viale Trieste
2190,CI051,Via M. Ricci - Multisala
2191,CI052,Mazzangrugno
2192,CI053,Via M. Ricci - MTA
2193,CI054,Via Mazzangrugno
2194,CI055,2^ Via Mazzangrugno
2195,CI056,Via Musone
2196,CI057,Via Marconi - Ponte Esino
2197,CI058,Via Marconi - Metano
2198,CI059,Via Marconi - fronte Via Fermi
2199,CI060,Via Marconi - Via S. Maria
2200,CI061,Via del Verziere - Via Fermi
2201,CI062,Via del Verziere - dosso
2202,CI063,Via del Verziere -Termo Forgia
2203,CI064,Via Gallodoro - Via Moreggio
2204,CI065,Via Gallodoro - VVFF
2205,CI066,Via Gallodoro - COOP
2206,CI067,Via del Prato - ASUR
2207,CI068,Via del Prato - Chiesa
2208,CI069,Via XXIV Maggio - Scuole
2209,CI070,Via XXIV Maggio - Viale Trieste
2210,CI071,V.le Vittoria - Ospedale
2211,CI072,Via Rossini - Via San Francesco
2212,CI073,Via Rossini - P.zza Bramante
2213,CI074,Via Rossini - Via Gramsci
2214,CI075,Via San Pietro Martire
2215,CI076,Via Gramsci - L. De Bosis
2216,CI077,Via Gramsci - Casa Riposo
2217,CI078,Via dei Colli - Via Murri
2218,CI079,Via La Malfa - Via De Gasperi
2219,CI080,Via La Malfa - Bocciodromo
2220,CI081,Via La Malfa - fronte ITC
2221,CI082,Via Schweitzer
2222,CI083,Via Paladini
2223,CI084,Via Jugoslavia
2224,CI085,Via del Burrone - Via Francia
2225,CI086,Via del Burrone - Cardinaletti
2226,CI087,Via del Burrone - Pattinodromo
2227,CI088,Via Coppi - Via Bagicalupo
2228,CI089,Via Coppi - Chiesa
2229,CI090,Via Coppi - Via Loik
2230,CI091,Via XX Luglio - L.go Allende
2231,CI092,Via del Molino - Piscina
2233,CI094,Via Grecia - S. Allende
2234,CI095,V.le Cavallotti - Giardini
2235,CI096,Viale Cavallotti
2236,CI097,Via XXIV Maggio - Viale Trieste
2237,CI098,Via XXIV Maggio - fronte Scuole
2238,CI099,Via del Prato - Bar Sport
2239,CI100,Via del Prato - fronte ASL
2240,CI101,Via Gallodoro - fronte COOP
2241,CI102,Via Gallodoro - ISA
2242,CI103,Via Gallodoro - incrocio Via Gorizia
2245,CI106,Via Fermi
2246,CI107,Via Fermi - Via Marconi
2247,CI108,Via Marconi - fronte Metano
2248,CI109,Via Marconi - Ponte
2249,CI110,Via M. Ricci - fronte Multisala
2250,CI111,Via Salvoni
2251,CI112,Via Ravagli
2252,CI113,Via Puccini
2253,CI114,Via Puccini - fronte Farmacia
2254,CI115,Via dei Colli Ospedale - lato P.zza Vesalio
2255,CI116,Via dei Colli Ospedale
2256,CI117,Via dei Colli - fronte Piazza Vesalio
2257,CI118,Ospedale Carlo Urbani
2259,CI120,Via Garibaldi - fronte AGIP
2260,CI121,Via Ancona - incrocio Via Cartiere vecch
2261,CI122,Via Ancona - ex SMIA
2262,CI123,Via Ancona - lato Morichelli
2263,CI124,Via XXIV Maggio - Fronte CAP
2264,CI125,Viale Don Battistoni - Eurostok
2265,CI126,Via Brodolini - fronte Pieralisi
2266,CI127,Via Brodolini - fronte Elica
2267,CI128,Via Brodolini - Via Di Vittorio
2268,CI129,Via Brodolini - Via Fontedamo
2269,CI130,Via del Verziere
2270,CI131,Via Leone XXIII - incrocio Via Novella
2271,CI132,Via Leone XXIII - Dolciotti
2272,CI133,Via G. Agnelli fronte CNH
2273,CI134,Viale Don Battistoni -  Popolare A.
2275,CI136,Via Pasquinelli - Centro Direzionale
2276,CI137,Via Don Minzoni - Natalucci
2277,CI138,Via Don Minzoni - Via Ancona
2278,CI139,Via Don Minzoni - fronte Renault
2279,CI140,Via XXIV Maggio - Supermercato
2280,CI141,Viale Don Battistoni - Expert
2281,CI142,Via del Molino
2282,CI143,Via Pasquinelli - Distributore
2286,CI147,Castelbellino - Via Pantiere
2287,CI148,Cimitero (Jesi)
2288,CI149,Via Friuli - Via San Marcello
2289,CI150,Castelbellino - Vallato
2290,CI151,Viale Cavallotti - fronte Via Castelbell
2291,CI152,Viale Cavallotti - Agenzia Viaggi
2292,CI153,Viale Cavallotti - Viale delle Nazioni
2293,CI154,Viale Martin Luther King - bivio Tabano
2294,CI155,Via Martin Luther King - prima rotatoria
2295,CI156,Via Martin Luther King - Scuole
2296,CI157,Viale M. L. King - Liceo
2297,CI158,Viale Verdi - rotatoria
2298,CI159,Viale Verdi - incrocio Via Gramsci
2299,CI160,Via Agraria - fronte acquedotto
2300,CI161,Via Agraria - incrocio Via Togliatti
2301,CI162,Via Agraria - incrocio Via Torre
2302,CI163,Via Agraria - ex Scuola
2303,CI164,Via Agraria
2304,CI165,Via Agraria - rotatoria Paradiso
2305,CI166,Via Paradiso - fronte Ristorante
2306,CI167,Via Nenni - fronte Via Amendola
2307,CI168,Via Nenni - fronte Pio la Torre
2308,CI169,Via Nenni - Chiesa
2309,CI170,Frazione Scorcelletti
2310,CI171,Via Rosini - incrocio Paradiso bassa
2311,CI172,Via Paradiso bassa
2312,CI173,Via Paradiso - lato Monte Conero
2313,CI174,Via Paradiso - lato Monte Catria
2314,CI175,Via Paradiso - prima rotatoria
2315,CI176,Via Tabano - fronte Palasport
2316,CI177,Via Gola della Rossa
2317,CI178,Via Frasassi 3
2318,CI179,Via Frasassi - incrocio Monti Sibillini
2319,CI180,Via Appennini - incrocio Tabano
2320,CI181,Via Tabano - Palasport
2321,CI182,Via San Francesco - bivio Tabano
2322,CI183,Via San Francesco - largo Europa
2323,CI184,Via San Francesco - incrocio Via Olanda
2324,CI185,Viale Verdi - Chiesa
2325,CI186,Frazione Scorcelletti - SP 76
2326,CI187,Via del Lavoro -  ITASS
2327,CI188,Via Marche - Via Sicilia
2328,CI189,Viale Verdi - incrocio Cavallotti
2329,CI190,Viale Verdi - incrocio Via San Francesco
2330,CI191,Via San Francesco - incrocio Bartolo Sas
2331,CI192,Via San Francesco - fronte largo Europa
2332,CI193,Via San Francesco - bivio Tabano
2333,CI194,Via Paradiso - dopo rotatoria
2334,CI195,Via Paradiso - fronte Monte Catria
2335,CI196,Via Paradiso - fronte Monte Conero
2336,CI197,Via Paradiso
2337,CI198,Via Paradiso 3^
2338,CI199,Via Paradiso 4^
2339,CI200,Via Togliatti - fronte Via Rosi
2340,CI201,Via Agraria 8
2341,CI202,Via dei Colli - lato Piazza XXV Aprile
2342,CI203,Via Gramsci -  Ostello
2343,CI204,Via Puccini - Farmacia
2344,CI205,Via Puccini - IGEA
2345,CI206,Via Erbarella
2346,CI207,Via Campolungo
2347,CI208,Via M. L. King - Via Tolstoj
2348,CI209,Porta Farina
2349,CI210,Bivio Santa Lucia
2350,CI211,Viale Vittoria - fronte Ospedale
2351,CI212,Via Mazzangrugno - Jesi Centro
2352,CI213,Via Mazzangrugno - Jesi Centro
2353,CI214,Coppetella - Capolinea
2354,CI215,Via Ancona - fronte cavalcavia FS
2355,CI216,SP 76 - casa di terra
2356,CI217,Via Ancona - Pieralisi
2357,CI218,SP 76 -  U. Quadri
2358,CI219,SP 76 - fronte Interporto
2359,CI220,SP 76 - Lazzerini
2361,CI222,SP 76 - Bocchini
2362,CI223,SP 76 -  Frantoio
2363,CI224,Via XXIV Maggio - fronte Supermercato
2364,CI225,Centro Comm.le Arcobaleno
2365,CI226,Via XX Luglio - Scuola
2366,CI227,Via XX Luglio - La Fornace
4234,CI228,Viale della Vittoria - Mariani
4245,CI229,Via Radiciotti
4238,CI230,Via San Francesco - Banca
4239,CI231,Via Appennini
2367,CI232,Via A. Moro -Via De Nicola
2368,CI233,Ospedale Carlo Urbani
2370,CI235,Via Ancona - distributore
2372,CI237,Viale del Lavoro - Agenzia Viaggi
4229,CI238,Via San Francesco - Chiesa
2373,CI239,Via Don Minzoni
2374,CI240,Viale Verdi - incrocio M. L. King
2375,CI241,Via Jugoslavia - Parrucchiera
2376,CI242,Via Paladini - incrocio Via Solazzi
2377,CI243,Via Schweitzer
2378,CI244,Via la Malfa - ITC
2379,CI245,Via La Malfa - fronte Bocciodromo
2380,CI246,Via la Malfa - fronte Via De Gasperi
2381,CI247,Via Gramsci - fronte Via de Bosis
2382,CI248,Via Sanzio - incrocio Via Lotto
2383,CI249,Via Sanzio - semaforo
2384,CI250,Via Sanzio - incrocio San Francesco
2385,CI251,Via R. Sanzio - ITIS
4226,CI253,Via San Francesco - Incr. Via R. Sanzio
2389,CI256,Via M. L. King - fronte Liceo
2390,CI257,SP 76 - ex Scuola
2391,CI258,SP 76  - fronte Bocchini
2392,CI259,Via Ancona - Hotel Federico II
2394,CI261,SP 76 - fronte Lazzerini
2395,CI262,SP 76 - Interporto
2396,CI263,SP 76 - lato vivaio
2397,CI264,Viale della Vittoria - Mercantini
2398,CI265,SP 76 - fronte casa terra
2399,CI266,Via Ancona - cavalcavia FS
2400,CI268,SP 76 - Concessonario
2401,CI269,Via Togliatti - Via Rosi
2402,CI270,Via Nenni - dopo rotatoria
2403,CI271,Via Nenni - incrocio Via La Torre
2404,CI272,Via Nenni - incrocio Via Paradiso
2405,CI273,Via Paradiso - 1^ fermata
2406,CI274,Via Paradiso - 2^ fermata
2407,CI275,Via Paradiso - fronte Forno
2408,CI276,SP 76 - bivio Monsano
2409,CI277,SP 76 - Incrocio Via Sant'Ubaldo
2410,CI278,SP 76 - Chiesa
2411,CI279,SP 76 - Novaflex
2413,CI281,SP 76 -  UBI Banca
2414,CI282,Via Mazzangrugno - Bagnatora
2415,CI283,Via Mazzangrugno
2416,CI284,Bagnatora
2417,CI285,Viale Papa Giovanni XXIII
2418,CI286,Via Matteo Ricci - fronte MTA
2420,CI288,Ristorante La Bernardina
2421,CI289,Via Piandelmedico - Cooperlat
2422,CI290,Via Piandelmedico 1
2423,CI291,Via Piandelmedico 2
2428,CI296,Via Piandelmedico - Cooperlat
2429,CI297,Bivio Cingoli - lato Jesi
2430,CI298,Viale Verdi - fronte Liceo
2431,CI299,Ristorante Il Cardinale
2432,CI300,C.F.V.
4243,CI301,C.so Matteotti
2433,CI302,Via Coppi - Farmacia
2434,CI303,Via Pastore -  Via di Vittorio
4233,CI304,Piazza Pergolesi
2435,CI305,Viale Vittoria - Via San Francesco
2436,CI306,Borgo Minonna - Incr. Via Musone
2437,CI307,Borgo Minonna (Rotat. Sp 362 S. M. Nuova)
2438,CI308,Borgo Minonna (Raccordo Rotat. SP362 S. M. Nuova)
2439,CI309,Via XX Luglio - Scuola
2440,CI310,Via XX Luglio -  S. Allende
2444,CI314,Via Don Minzoni - Centro Direzionale Cartiere Vecc
2446,CI316,Viale del Lavoro - Chiesa
2447,CI317,Via Cupramontana
2448,CI318,Via Coppi - Via Chinnici
2450,CI320,Via Grecia - Giardini
2451,CI321,Via Pastore - CAM
2452,CI322,Via dell'Industria - Centro Zipa
2453,CI323,Via dell'Industria - fronte Zipa
2454,CI324,Via dell'Industria - Jesi (Crognaletti Autolinee)
2455,CI325,Via dell'Industria - Jesi (Pieralisi Officina)
2457,CI327,Via Pasquinelli - Incr. Don Capannini
2458,CI328,Via Pasquinelli - Bar Quirino
2459,CI329,Via dell'Industria - Clabo (Jesi)
2460,CI330,Via dell'Industria - Enel
2465,CI335,Viale della Vittoria - Via Volturno
2466,CI336,Viale del Lavoro - Incr. Via Mille
2467,CI337,Viale del Lavoro - Distributore
2468,CI338,Via Verdi - Farmacia
2472,CI342,Via Mazzini - C. Comm.le
2476,CI346,Via Mazzini - Parcheggio
4230,CI348,Via XV Settembre - Angolo Via Mazzini
4241,CI349,Via Mario Lenti
4244,CI350,Via Padre V. Pellegrini
4242,CI351,Via Don Minzoni - Concessionaria
4225,CI352,Via O. Tamburi
4264,CI353,Via Lorenzo Lotto
4253,CI354,Via Don Minzoni - Renault
4268,CI355,Viale Don Minzoni - Centro Commerciale
4254,CI356,Via Pasquinelli - Via Abbruzzetti
4250,CI357,Via Pasquinelli - Via Bocconi
4269,CI358,Via Friuli - Via Sicilia
4246,CI359,Via Pio la Torre
4255,CI360,Via Rosini
4256,CI361,Via XXIV Maggio - CAP
4251,CI362,Viale Verdi - Liceo
4321,CI363,Via Azzocchi
4314,CI364,Via Roma - Center Gomma
4308,CI365,Via Roma - Distributore
4309,CI366,Pantiere Piazza
4317,CI367,Contrada Pantiere
4322,CI368,Stazione FS
4315,CI369,Via Rosselli - Porta Valle
4312,CI370,Via Misa
4323,CI372,Viale M. L. King - Mercatino
4319,CI373,Viale Verdi - Incr. Via Gramsci
4310,CI374,Viale Verdi - Scuole Collodi
4316,CI375,Viale M. L. King - Incr. Via Schweitzer
4311,CI377,Via Papa Giovanni XXIII - Incr. Viale Verdi
4324,CI378,Via Fontedamo - Incr. Via Pastore
4320,CI379,Via delle Nazioni - Incr. Via Romania
4313,CI380,Via San Francesco - Incr. Via Rossini
4367,CI382,Via Papa Giovanni XXIII - Via Leopardi
4361,CI383,Via San Giuseppe - Chiesa
4371,CI384,Via Fausto Coppi - Via Del Burrone
4362,CI385,VIa Piandelmedico - Chiesa
4363,CI386,Via Piandelmedico - 2° Fermata
4364,CI387,Via Piandelmedico - 3°
4368,CI388,Via Piandelmedico - Fronte Ristorante
4369,CI389,Via Piandelmedico - Azienda Agricola
4370,CI390,Via Piandelmedico - Fronte Chiesa
4365,CI391,Via S. Francesco - Via Verdi
4668,CI392,1^ Via Fontedamo
4676,CI393,Via Fontedamo
4695,CI394,Via Cassolo
4692,CI397,Eurostok
4839,CI398,Viale Cavallotti - Arco Clementino
4872,CI399,Via Giovanni XXIII
4874,CI400,1^ Via A. Moro
4875,CI401,Via A. Moro
4873,CI402,Via G. Agnelli - CNH
4877,CI403,1^ Via Piandelmedico
4878,CI404,Via Piandelmedico
4881,CI405,V. Ghislieri
4880,CI406,Via Della Figuretta - TeamSystem
4884,CI407,V. Grandi
4888,CI408,Via E. Berlinguer
4889,CI409,Via Roma
4891,CI410,Via Erbarella
4900,CI411,Via Valche-C. Commerciale
4899,CI412,Via Degli Appennini
2526,CIN01,PIANELLOVALLESINA
4259,CIN02,CASTELBELLINO
4260,CIN03,MONTE ROBERTO
4261,CIN05,CUPRAMONTANA
4281,CIN06,STAFFOLO
4252,CIN07,COSTE DI STAFFOLO
4262,CIN08,CINGOLI CAP
2538,CIN17,PARO' r
2542,CIN18,LA BERNARDINAr
2499,CIViaN,Via Nenni
4953,COLLOD,_
4152,CT001,FABRIANO F.S.
3630,CT002,FABRIANO (C. Giglioni)
3763,CT004,GENGA (Spineto)
4153,CT005,GEGA (Pnte Bove Secco)
3764,CT006,GENGA (Centro)
3935,CT007,GENGA (Bivio)
3694,CT008,GENGA (Cipriani)
3695,CT009,SAN FORTUNATO (Bivio)
3696,CT010,GENGA (Avenale)
4154,CT011,GENGA (Tringuelli)
3936,CT012,GENGA (Biv. C.Giglioni)
3765,CT013,FABRIANO (Nebbiano)
4155,CT014,FABRIANO (Colle Ridente)
4156,CT015,FABRIANO (Colle Ridente)
3853,CT016,FABRIANO (Biv. Nebbiano)
4157,CT017,GENGA (Biv. C.Giglioni)
4081,CT018,GENGA (Tringuelli)
3937,CT019,GENGA (Avenale)
3697,CT020,GENGA (S.Fortunato)
4158,CT021,GENGA (Cipriani)
3766,CT022,GENGA (Bivio)
3631,CT023,GENGA (Pnte Bove Secco)
3632,CT024,GENGA (Spineto)
4159,CT025,FABRIANO (C. Giglioni)
3854,CT026,LORETO (Torrione Capolinea)
3855,CT027,LORETO (Campo Sportivo)
3938,CT028,LORETO (Piana)
3939,CT029,LORETO (Ospedale)
3698,CT030,LORETO (Incr. Via Marche)
4082,CT031,LORETO (Via Marche 4)
4160,CT032,LORETO (Via Marche 13)
3767,CT033,LORETO (Via Marche 30)
3699,CT034,LORETO (Via Marche Pensilina)
4161,CT035,LORETO (Via Carpine DIF 47)
4083,CT036,LORETO (Via Carpine 45)
3768,CT037,LORETO (Carpine -Leonessa)
3769,CT038,LORETO (Carpine 11)
4162,CT039,LORETO (Costa Bianca 3D)
3940,CT040,LORETO (Costa Bianca DIF 19)
3633,CT041,LORETO (Costa Bianca Chiesa)
3856,CT042,LORETO (Via Tonnini)
4163,CT043,LORETO (Quartiere Nuovo)
3941,CT044,LORETO (Incr. V. Gatti)
3857,CT045,LORETO (Via Buffolareccia)
4000,CT046,LORETO (Zona Industriale)
4001,CT047,LORETO (Cimitero)
3770,CT048,LORETO (Villa Costantina dif 98)
3634,CT049,LORETO (Villa Costantina 149)
4111,CT050,LORETO (Villa Costantina 73)
3884,CT051,LORETO (Villa Costantina dif 24)
4029,CT052,LORETO (Scuola Maccari)
3885,CT053,LORETO (Villa Berghigna)
4192,CT054,LORETO (Villa Papa)
3968,CT055,LORETO (Vecchia Fattoria)
4193,CT056,LORETO (Via Czestochowa dif. 1)
3716,CT057,LORETO (Altotting 35)
3800,CT058,LORETO (Altotting 45)
3657,CT059,LORETO (V. Cav. V. Veneto 49)
4584,CT061,Via Marconi
4650,CT065,Via Bramante
4598,DepSen,DEPOSITO DI SENIGALLIA
5110,Dorico,Stadio Dorico
5111,FCS1,"fermata provv. Falcomics, Via del Consorzio (Via d"
5112,FCS2,"fermata provv. Falcomics, Via del Consorzio (Pisci"
5113,FCS3,"fermata provv. Falcomics, Via del Consorzio (CNA)"
5114,FLG1,Capolinea Provvisorio Linea Gialla
5115,FLG2,Fermata Provvisoria Linea Gialla
5116,FNCP1,Fermata Provvisoria P.le Righi Augusto
4937,G0320a,Sterpettine (Bar)
4935,G0320r,Sterpettine (Bar)
4939,G0321a,Sterpettine (Centro)
4936,G0321r,Sterpettine (Centro)
4948,G0322a,Sterpettine (Vivaio)
5104,G0322r,Sterpettine (Vivaio)
4941,G0323a,Sterpettine (Madonnina)
4942,G0323r,Sterpettine (Madonnina)
4945,G0324a,Sterpettine (Pershing)
4946,G0324r,Sterpettine (Pershing)
4938,G322a,STERPETTINE (Molino Vecchio)
4940,G322r,STERPETTINE (Molino Vecchio)
4943,G327a,STERPETTINE (Molino Vecchio civ. 16)
4947,G327r,STERPETTINE (Molino Vecchio civ. 26)
4911,LEDUNE,SENIGALLIA (LE DUNE CAP.)
2098,MARINA,Piazzola di sosta a Marina
5094,MSC001,Terminal Crociere
4958,MVARIN,AGUGLIANO (MONTE VARINO)
4961,new_01,"Via Che Guevara, 9"
5098,new_03,"Via Che Guevara, 11"
5102,new_CT,"FABRIANO (Via Dante, 39)"
5103,new_CT,FABRIANO (Via Scala Ospedale)
5105,new_CT,"FABRIANO (Via Dante, 36)"
5106,new_CT,FABRIANO (Via Dante dif. 180)
5107,new_CT,"FABRIANO (Via Dante, 180)"
5109,new_CT,"FABRIANO (Via Merloni, 45)"
5016,OS001,Piazza del Comune
4976,OS002,1^ Via Cinque Torri
5028,OS003,2^ Via Cinque Torri
5017,OS004,Via Cesare Battisti (incrocio Via Olimpia)
5047,OS005,Via Cesare Battisti (Crocifisso)
5018,OS006,Via De Gasperi (Scuole)
5074,OS007,Via De Gasperi (difronte civ.55)
5029,OS008,Via De Gasperi (Pizzeria)
5075,OS009,Via Einaudi (Centro Commerciale)
5076,OS010,Via Recanati (ex Cagnoni)
5030,OS011,Via Recanati
5077,OS012,Via Binda
5059,OS013,Via dello Sport
5019,OS014,Via Recanati (rotatoria)
5060,OS015,Via De Gasperi
5061,OS016,Via De Gasperi (Sacra Famiglia)
4995,OS017,Via De Gasperi
5020,OS018,3^ Via Tonnini
5006,OS019,2^ Via Tonnini
5078,OS020,1^ Via Tonnini
5007,OS021,Via Don Sturzo
5021,OS022,Via Ungheria (Marinelli)
4977,OS023,Via Trento (Cimitero)
5079,OS024,Via Trento (incrocio)
5022,OS025,Via Cialdini (Meme)
5023,OS026,Via Guazzatore (Mariani)
5080,OS027,Via Guazzatore (lavanderia)
5031,OS028,Via Guazzatore
4996,OS029,Via Guazzatore (ex deposito)
4997,OS030,Via Guazzatore (Fisioreum)
5032,OS031,Via Guazzatore (Astea)
4998,OS032,Via Fonte Magna (Mengarelli)
4978,OS033,Via Fonte Magna (Cantinoni)
5081,OS034,Via Molino Mensa
5024,OS035,Via Molino Mensa (Polizia Locale)
5033,OS036,Via Molino Basso (Coccinelle)
5048,OS037,Via Verdi (supermercato)
5082,OS038,Via Quercetti (spazio verde)
4979,OS039,Via Vicarelli
4999,OS040,Via Moro (Liceo)
5049,OS041,Via Moro
5050,OS042,Via Gattuccio
5008,OS043,Maxi parcheggio
5062,OS045,Via Molino Mensa (in salita)
5009,OS046,Via Flaminia II 10-30
5025,OS047,1^ Via S. Giovanni
5063,OS048,Via S. Giovanni (Cimitero vecchio)
5064,OS049,2^ Via S. Giovanni
5093,OS050,Via Pantani
5034,OS051,3^ Via S. Giovanni
5026,OS052,Via S. Giovanni (incrocio)
5065,OS053,4^ Via S. Giovanni (ritorno)
5010,OS054,5^ Via S. Giovanni (ritorno)
4980,OS055,6^ Via S. Giovanni
5083,OS056,7^ Via S. Giovanni (ritorno)
4981,OS057,Via Roncisvalle (Gattara)
5084,OS058,Via S. Valentino (Madonnina)
4982,OS059,Via Montegalluccio (civ. 14)
5035,OS060,Via Montegalluccio (civ. 28)
4983,OS061,Via S.Valentino (incr. Via Montegalluccio)
5051,OS062,S.Stefano (Chiesa)
5000,OS063,Via Acquaviva (edicola)
4984,OS064,Via Trento (Tabacchi)
5052,OS065,Via Cesare Battisti (incrocio Via Olimpia)
4985,OS066,Via Binda (difronte civ. 7)
5036,OS067,Via Molino Basso (Vittoria Assicurazioni)
5092,OS068,Via Covo
5085,OS069,Via Trento (civ. 176)
5091,OS070,Via Vicarelli (Supermercato)
5088,OS071,Via Acquaviva (dopo edicola)
5086,OS072,Via Vicarelli (Parcheggio)
5090,OS073,Via Pantani
2114,PRECAB,PORTORECANATI
4963,PROV_S,Fermata Provvisoria di P.zza Stamira
4084,SF001,SASSOFERRATO (Cap.Urbano)
3771,SF002,SASSOFERRATO (Via B. Buozzi)
3858,SF003,SASSOFERRATO (Consorzio)
4003,SF005,SASSOFERRATO (P.zza Bartolo)
3859,SF006,SASSOFERRATO (Stadio).
3635,SF007,SASSOFERRATO (Via Merolli)
4085,SF008,SASSOFERRATO (Via la Pace)
3860,SF009,SASSOFERRATO (Via la Pace)
4164,SF010,SASSOFERRATO (Ospedale)
4004,SF011,SASSOFERRATO (Ospedale)
4086,SF012,SASSOFERRATO (V. S. Bernardino 1)
3772,SF013,SASSOFERRATO (V. S. Bernardino 1)
3942,SF014,SASSOFERRATO S.P.48 (Civ.9)
4087,SF015,SASSOFERRATO S.P.48 (Civ.9)
4005,SF016,SASSOFERRATO (V. S. Bernardino 19)
3861,SF017,SASSOFERRATO (V. S. Bernardino 19)
3773,SF018,SASSOFERRATO (V. S. Bernardino)
3862,SF019,SASSOFERRATO (P.S. Francesco)
4165,SF020,SASSOFERRATO (Via degli Atti))
3774,SF021,SASSOFERRATO (P.zza C. Albornoz)
4088,SF022,SASSOFERRATO (Farmacia Com:)
3636,SF023,SASSOFERRATO (Via C.Battisti)
4006,SF024,SASSOFERRATO (P.le IV Novembre)
3637,SF025,SASSOFERRATO (Via degli Atti)
4166,SF026,Zona Ind.le Berventina
3638,SF027,SASSOFERRATO (Via Cagli)
4007,SF028,SASSOFERRATO (Via Cagli)
4008,SF029,SASSOFERRATO (SC. Brillarelli)
3863,SF030,SASSOFERRATO (Via Loreto 7)
3700,SF031,SASSOFERRATO (Zona Artigianale)
4167,SF032,SASSOFERRATO (Via M. Libertà)
3775,SF033,SASSOFERRATO (Via Loreto)
3639,SF034,SASSOFERRATO (Via Crocefisso)
3943,SF035,SASSOFERRATO (Via Crocefisso)
3864,SF036,SASSOFERRATO (Piana di Frassineta)
4009,SF037,SASSOFERRATO (P.Frassineta inc.SP16)
4089,SF038,SASSOFERRATO (Piana di Frassineta)
3701,SF039,SASSOFERRATO (Piana di Frassineta)
3702,SF041,SASSOFERRATO (Piana di Frassineta)
3944,SF042,MONTE ROSSO F.S. (Ponte)
3640,SF043,MONTE ROSSO F.S. (Ponte)
4168,SF044,SASSOFERRATO (Liceo)
3776,SF045,SASSOFERRATO (Poste)
4090,SF046,SASSOFERRATO (Poste)
3945,SF047,SASSOFERRATO (Sc. Materna)
4091,SF048,SASSOFERRATO (Sc. Materna)
3703,SF049,SASSOFERRATO (Felcioni)
3704,SF050,SASSOFERRATO (Felcioni)
3865,SF051,SASSOFERRATO (Loc. Felcioni)
3866,SF052,SASSOFERRATO (Loc.Felcioni)
4169,SF053,SASSOFERRATO (Cimitero)
3777,SF054,SASSOFERRATO (Via Marena)
4010,SF055,SASSOFERRATO (Via Marena-incr.)
3778,SF056,SASSOFERRATO (Via Marena)
4092,SF057,SASSOFERRATO (Via Marena)
4011,SF058,SASSOFERRATO (Via S. Croce)
4093,SF059,SASSOFERRATO (Aia Cupa)
3779,SF060,STAVELLINA
3867,SF061,SASSOFERRATO (Scorsano)
3947,SF063,SASSOFERRATO (P.Murazzano)
3780,SF066,SASSOFERRATO (Murazzano)
3868,SF068,SASSOFERRATO (Cupano)
3948,SF069,FABRIANO (Ciaramella)
4170,SF072,SASSOFERRATO (Biv.Roncioni)
3781,SF073,SASSOFERRATO (Biv.Roncioni)
3949,SF074,SASSOFERRATO (Valitosa)
3705,SF075,SASSOFERRATO (Valitosa)
4171,SF076,SASSOFERRATO (Fossa)
3782,SF077,SASSOFERRATO (S. Ugo)
4172,SF078,SASSOFERRATO (S. Ugo)
4173,SF079,SASSOFERRATO (Monte Rosso Staz)
3645,SF080,SASSOFERRATO (Monte Rosso Staz)
3869,SF081,SASSOFERRATO (Materna)
3706,SF082,VALDOLMO
4174,SF083,VALDOLMO
3707,SF084,MONTELAGO
3870,SF085,BARUCCIO
3646,SF086,FOSSA
3871,SF087,REGEDANO
3708,SF088,STAVELLINA
3709,SF089,LICETO
4404,SF090,LICETO
4427,SF091,FELCIONI 2
4446,SF092,FELCETO 3
4419,SF093,CASEBOZZO
4438,SF094,CASEBOZZO 2
4447,SF095,CATOBAGLI 1
4448,SF096,CATOBAGLI 2
4411,SF097,CATOBAGLI Centro
4420,SF098,ROTE
4405,SF099,CANTARINO
4449,SF100,MASSA
4406,SF101,MASSA 1
4439,SF102,FELCINE
4428,SF103,CAPARUCCI
4421,SF104,CAPARUCCI (Bivio)
4412,SF105,CAPARUCCI (Bivio) 1
4407,SF106,FONDIGLIE
4413,SF107,FONDIGLIE 1
4450,SF108,SAN GIANNI 1
4451,SF109,SAN GIANNI 2
4414,SF110,SAN GIANNI
4440,SF111,SAN GIANNI
4422,SF112,CAMAZZOCCHI
4395,SF113,CAMAZZOCCHI
4452,SF114,CASTIGLIONI
4396,SF115,CASTIGLIONI 2
4397,SF116,CASTIGLIONI 3
4415,SF117,BRECCIA
4398,SF118,BRECCIA
4441,SF119,PIANO DELLE QUERCIE
4432,SF120,PIANO DELLE QUERCE
4416,SF121,VENATURA
4442,SF122,VENATURA
4443,SF123,TERMINE
4453,SF124,TERMINE
4454,SF125,MORELLO
4444,SF126,Morello
4445,SF129,BIVIO CAPOGGI
4434,SF130,SERRA SAN FACONDINO
4399,SF131,SERRA SAN FACONDINO
4429,SF132,COL DELLA NOCE
4400,SF133,COL DELLA NOCE
4423,SF134,CAVE
4430,SF135,CAVE
4424,SF136,CAMORRI
4401,SF137,CAMORRI
4408,SF138,ISCHIETA
4435,SF139,ISCHIETA
4402,SF140,GAVILLE
4403,SF141,GAVILLE
4409,SF142,BIVIO ASPRO
4418,SF143,BIVIO ASPRO
4425,SF144,SERRA ALTA
4436,SF145,SERRA ALTA
4410,SF146,AMANDOLE
4455,SF147,AMANDOLE
4456,SF148,BIVIO COLDELLANOCE
4431,SF149,BIVIO COLDELLANOCE
4437,SF150,SAN DONATO SUD
4426,SF151,CIARAMELLA
4457,SF153,CUPANO
4482,SF154,BIVIO SAN DONATO
4472,SF155,MURAZZANO
4483,SF156,PIANO DI MURAZZANO
4470,SF157,SCORSANO
4476,SF158,AIA CUPA
4503,SF159,CACCIAMPONI
4507,SF160,BIVIO PANTANA
4490,SF161,BIVIO PANTANA
4484,SF162,PERTICANO
4485,SF163,PERTICANO
4471,SF164,BIVIO S. FELICE
4477,SF165,BIVIO S. FELICE
4508,SF166,SAN FELICE
4497,SF167,BIVIO SAN FELICE
4478,SF168,PIAGGIA SECCA
4491,SF169,RUCCE
4486,SF170,CASALVENTO
4492,SF171,MALCOTTI
4698,SF173,Fraz. Venatura
4699,SF174,Via Buozzi
4701,SF175,Venatura
4702,SF176,San Giovanni
4704,SF177,Rote
4708,SF178,Piagge
4706,SF179,San Giovanni
4705,SF180,Fraz. Rotondo
4709,SF181,Piagge
4712,SF183,Via Marena
4703,SF185,Fraz. Gaville
4715,SF186,Loc. Felcioni
4718,SF187,Loc. Felcioni
4956,VERROC,VERROCCHIO
